"","thisround","game_time","game_number","venue_id","venue_name","gender","home_team_idx","home.team_name","away.team_name","home.score","away.score","home.team_code","away.team_code","home.logo","away.logo","home.q1","away.q1","home.q2","away.q2","home.q3","away.q3","home.q4","away.q4","home.uid","away.uid","margin"
"1",1,"2019-03-31 15:00:00",22,21406,"MSAC","MALE","b","Melbourne","Bendigo",69,73,"MEL","BEN","melbourne-tigers","bendigo-braves",20,26,18,19,17,20,14,8,"21406.MEL","21406.BEN",-4
"2",1,"2019-03-31 14:30:00",24,21407,"Waverley Basketball Centre","MALE","b","Waverley","Albury Wodonga",77,80,"WAV","ALB","waverley-falcons","albury-wodonga-bandits",18,19,18,22,18,19,23,20,"21407.WAV","21407.ALB",-3
"3",1,"2019-03-31 14:00:00",20,1900,"Kilsyth Sports Centre","MALE","a","Kilsyth","BA COE",93,88,"KIL","COE","kilsyth-cobras","basketball-australia-centre-of-excellence",30,27,24,19,18,23,21,19,"1900.KIL","1900.COE",5
"4",1,"2019-03-31 13:00:00",21,21406,"MSAC","FEMALE","b","Melbourne","Bendigo",65,78,"MEL","BEN","melbourne-tigers","bendigo-braves",14,22,15,24,21,23,15,9,"21406.MEL","21406.BEN",-13
"5",1,"2019-03-31 12:30:00",23,21407,"Waverley Basketball Centre","FEMALE","b","Waverley","Albury Wodonga",58,64,"WAV","ALB","waverley-falcons","albury-wodonga-bandits",18,20,15,15,15,18,10,11,"21407.WAV","21407.ALB",-6
"6",1,"2019-03-31 12:00:00",19,1900,"Kilsyth Sports Centre","FEMALE","a","Kilsyth","BA COE",76,56,"KIL","COE","kilsyth-cobras","basketball-australia-centre-of-excellence",18,14,15,18,22,12,21,12,"1900.KIL","1900.COE",20
"7",1,"2019-03-30 20:00:00",18,21405,"The Rings","MALE","b","Ringwood","BA COE",105,94,"RIN","COE","ringwood-hawks","basketball-australia-centre-of-excellence",28,21,23,26,26,25,28,22,"21405.RIN","21405.COE",11
"8",1,"2019-03-30 20:00:00",12,1946,"State Basketball Centre","MALE","b","Knox","Kilsyth",67,70,"KNX","KIL","knox-basketball","kilsyth-cobras",18,10,15,23,20,24,14,13,"1946.KNX","1946.KIL",-3
"9",1,"2019-03-30 19:30:00",10,1889,"Frankston Basketball Stadium","MALE","b","Frankston","Waverley",99,107,"FRA","WAV","frankston-blues","waverley-falcons",21,24,25,17,22,36,31,30,"1889.FRA","1889.WAV",-8
"10",1,"2019-03-30 19:30:00",8,21410,"DV Sports &amp; Fitness Centre","MALE","a","Diamond Valley","Eltham",86,92,"DIV","ELT","diamond-valley-eagles","eltham-wildcats",29,21,21,18,19,25,12,17,"21410.DIV","21410.ELT",-6
"11",1,"2019-03-30 19:30:00",15,21411,"Ulverstone/Elphin","FEMALE","a","Launceston","Southern",64,70,"LAU","SAN","launceston-tornadoes","southern-sabres",18,27,17,16,15,15,14,12,"21411.LAU","21411.SAN",-6
"12",1,"2019-03-30 19:30:00",16,21411,"Ulverstone/Elphin","MALE","a","NW Tasmania","Southern",96,63,"NWT","SAN","north-west-thunder","southern-sabres",26,21,29,14,20,18,21,10,"21411.NWT","21411.SAN",33
"13",1,"2019-03-30 19:30:00",14,21412,"Nunawading Basketball Centre","MALE","b","Nunawading","Ballarat",87,94,"NUN","BLM","nunawading-spectres","ballarat-rush-miners",14,24,31,16,21,27,21,27,"21412.NUN","21412.BLM",-7
"14",1,"2019-03-30 18:00:00",17,21405,"The Rings","FEMALE","b","Ringwood","BA COE",83,72,"RIN","COE","ringwood-hawks","basketball-australia-centre-of-excellence",16,21,16,19,20,22,17,7,"21405.RIN","21405.COE",11
"15",1,"2019-03-30 18:00:00",11,1946,"State Basketball Centre","FEMALE","b","Knox","Kilsyth",86,79,"KNX","KIL","knox-basketball","kilsyth-cobras",20,21,26,15,13,12,27,31,"1946.KNX","1946.KIL",7
"16",1,"2019-03-30 17:30:00",7,21410,"DV Sports &amp; Fitness Centre","FEMALE","a","Diamond Valley","Eltham",78,82,"DIV","ELT","diamond-valley-eagles","eltham-wildcats",17,19,24,17,16,23,21,23,"21410.DIV","21410.ELT",-4
"17",1,"2019-03-30 17:30:00",9,1889,"Frankston Basketball Stadium","FEMALE","b","Frankston","Waverley",62,74,"FRA","WAV","frankston-blues","waverley-falcons",15,18,10,19,21,22,16,15,"1889.FRA","1889.WAV",-12
"18",1,"2019-03-30 17:30:00",13,21412,"Nunawading Basketball Centre","FEMALE","b","Nunawading","Ballarat",89,68,"NUN","BLR","nunawading-spectres","ballarat-rush-miners",22,20,27,22,19,11,21,15,"21412.NUN","21412.BLR",21
"19",1,"2019-03-29 20:00:00",6,21409,"Kingborough Basketball Stadium","MALE","b","Hobart","Southern",88,80,"HOB","SAN","hobart-huskies","southern-sabres",18,14,19,20,17,24,34,22,"21409.HOB","21409.SAN",8
"20",1,"2019-03-29 20:00:00",2,21402,"Dandenong Basketball Stadium","MALE","b","Dandenong","BA COE",88,99,"DAN","COE","dandenong-rangers","basketball-australia-centre-of-excellence",20,29,23,25,22,24,23,21,"21402.DAN","21402.COE",-11
"21",1,"2019-03-29 20:00:00",4,21404,"Geelong Arena","MALE","b","Geelong","Nunawading",70,93,"GEE","NUN","geelong-supercats","nunawading-spectres",21,32,16,28,18,16,15,17,"21404.GEE","21404.NUN",-23
"22",1,"2019-03-29 18:00:00",5,21409,"Kingborough Basketball Stadium","FEMALE","b","Hobart","Southern",76,68,"SOU","SAN","hobart-huskies","southern-sabres",15,22,25,16,14,14,22,16,"21409.SOU","21409.SAN",8
"23",1,"2019-03-29 18:00:00",3,21404,"Geelong Arena","FEMALE","b","Geelong","Nunawading",63,54,"GEE","NUN","geelong-supercats","nunawading-spectres",12,18,23,16,15,10,13,10,"21404.GEE","21404.NUN",9
"24",10,"2019-06-16 14:30:00",238,21412,"Nunawading Basketball Centre","MALE","b","Nunawading","Melbourne",81,80,"NUN","MEL","nunawading-spectres","melbourne-tigers",20,17,22,23,20,23,19,17,"21412.NUN","21412.MEL",1
"25",10,"2019-06-16 14:30:00",242,21407,"Waverley Basketball Centre","MALE","b","Waverley","Ringwood",97,78,"WAV","RIN","waverley-falcons","ringwood-hawks",26,26,22,17,28,16,21,19,"21407.WAV","21407.RIN",19
"26",10,"2019-06-16 14:00:00",240,1946,"State Basketball Centre","MALE","a","Knox","Eltham",77,72,"KNX","ELT","knox-basketball","eltham-wildcats",23,22,14,19,20,17,20,14,"1946.KNX","1946.ELT",5
"27",10,"2019-06-16 12:30:00",241,21407,"Waverley Basketball Centre","FEMALE","b","Waverley","Ringwood",67,71,"WAV","RIN","waverley-falcons","ringwood-hawks",17,17,17,10,5,18,28,26,"21407.WAV","21407.RIN",-4
"28",10,"2019-06-16 12:30:00",237,21412,"Nunawading Basketball Centre","FEMALE","a","Nunawading","Melbourne",75,66,"NUN","MEL","nunawading-spectres","melbourne-tigers",19,19,18,8,9,23,29,16,"21412.NUN","21412.MEL",9
"29",10,"2019-06-16 12:00:00",239,1946,"State Basketball Centre","FEMALE","a","Knox","Eltham",82,79,"KNX","ELT","knox-basketball","eltham-wildcats",24,23,20,19,22,23,16,14,"1946.KNX","1946.ELT",3
"30",10,"2019-06-15 20:00:00",232,21413,"Eltham High School","MALE","a","Eltham","Diamond Valley",78,82,"ELT","DIV","eltham-wildcats","diamond-valley-eagles",19,15,19,28,20,18,20,21,"21413.ELT","21413.DIV",-4
"31",10,"2019-06-15 20:00:00",224,1858,"Lauren Jackson Sports Centre","MALE","a","Albury Wodonga","Bendigo",83,93,"ALB","BEN","albury-wodonga-bandits","bendigo-braves",22,23,11,24,24,25,26,21,"1858.ALB","1858.BEN",-10
"32",10,"2019-06-15 19:30:00",236,1900,"Kilsyth Sports Centre","MALE","b","Kilsyth","Knox",90,77,"KIL","KNX","kilsyth-cobras","knox-basketball",14,21,15,20,27,21,34,15,"1900.KIL","1900.KNX",13
"33",10,"2019-06-15 19:30:00",1238,21411,"Ulverstone/Elphin","MALE","a","NW Tasmania","Hobart",75,54,"NWT","HOB","north-west-thunder","hobart-huskies",13,9,17,10,26,13,19,22,"21411.NWT","21411.HOB",21
"34",10,"2019-06-15 19:15:00",234,21404,"Geelong Arena","MALE","b","Geelong","Ballarat",62,66,"GEE","BLM","geelong-supercats","ballarat-rush-miners",14,18,21,20,12,17,15,11,"21404.GEE","21404.BLM",-4
"35",10,"2019-06-15 19:00:00",228,21402,"Dandenong Basketball Stadium","MALE","a","Dandenong","Southern",130,138,"DAN","SAN","dandenong-rangers","southern-sabres",29,30,26,26,15,29,39,24,"21402.DAN","21402.SAN",-8
"36",10,"2019-06-15 19:00:00",226,21417,"AIS","MALE","b","BA COE","Frankston",78,100,"COE","FRA","basketball-australia-centre-of-excellence","frankston-blues",27,20,12,33,22,19,17,28,"21417.COE","21417.FRA",-22
"37",10,"2019-06-15 18:30:00",1237,21411,"Ulverstone/Elphin","FEMALE","a","Launceston","Hobart",69,90,"LAU","SOU","launceston-tornadoes","hobart-huskies",18,31,12,16,15,22,24,21,"21411.LAU","21411.SOU",-21
"38",10,"2019-06-15 18:00:00",231,21413,"Eltham High School","FEMALE","a","Eltham","Diamond Valley",87,89,"ELT","DIV","eltham-wildcats","diamond-valley-eagles",21,17,28,26,26,31,12,15,"21413.ELT","21413.DIV",-2
"39",10,"2019-06-15 18:00:00",223,1858,"Lauren Jackson Sports Centre","FEMALE","a","Albury Wodonga","Bendigo",57,76,"ALB","BEN","albury-wodonga-bandits","bendigo-braves",18,23,8,15,19,24,12,14,"1858.ALB","1858.BEN",-19
"40",10,"2019-06-15 17:30:00",235,1900,"Kilsyth Sports Centre","FEMALE","b","Kilsyth","Knox",87,70,"KIL","KNX","kilsyth-cobras","knox-basketball",18,21,23,16,23,19,23,14,"1900.KIL","1900.KNX",17
"41",10,"2019-06-15 17:00:00",225,21417,"AIS","FEMALE","b","BA COE","Frankston",70,82,"COE","FRA","basketball-australia-centre-of-excellence","frankston-blues",19,20,16,23,14,26,21,13,"21417.COE","21417.FRA",-12
"42",10,"2019-06-15 17:00:00",233,21404,"Geelong Arena","FEMALE","b","Geelong","Ballarat",83,60,"GEE","BLR","geelong-supercats","ballarat-rush-miners",22,10,20,27,16,10,25,13,"21404.GEE","21404.BLR",23
"43",10,"2019-06-15 17:00:00",227,21402,"Dandenong Basketball Stadium","FEMALE","a","Dandenong","Southern",69,70,"DAN","SAN","dandenong-rangers","southern-sabres",18,13,18,20,17,12,16,25,"21402.DAN","21402.SAN",-1
"44",11,"2019-06-23 14:30:00",266,21412,"Nunawading Basketball Centre","MALE","a","Nunawading","Waverley",94,101,"NUN","WAV","nunawading-spectres","waverley-falcons",15,24,14,20,31,18,26,24,"21412.NUN","21412.WAV",-7
"45",11,"2019-06-23 14:00:00",268,21405,"The Rings","MALE","b","Ringwood","BA COE",101,94,"RIN","COE","ringwood-hawks","basketball-australia-centre-of-excellence",28,17,23,21,23,28,27,28,"21405.RIN","21405.COE",7
"46",11,"2019-06-23 14:00:00",264,21408,"Mars® Minerdome","MALE","b","Ballarat","Albury Wodonga",103,93,"BLM","ALB","ballarat-rush-miners","albury-wodonga-bandits",22,23,31,34,25,17,25,19,"21408.BLM","21408.ALB",10
"47",11,"2019-06-23 12:30:00",265,21412,"Nunawading Basketball Centre","FEMALE","a","Nunawading","Waverley",52,62,"NUN","WAV","nunawading-spectres","waverley-falcons",13,18,12,11,9,17,18,16,"21412.NUN","21412.WAV",-10
"48",11,"2019-06-23 12:00:00",263,21408,"Mars® Minerdome","FEMALE","b","Ballarat","Albury Wodonga",81,100,"BLR","ALB","ballarat-rush-miners","albury-wodonga-bandits",28,25,16,17,20,26,17,32,"21408.BLR","21408.ALB",-19
"49",11,"2019-06-23 12:00:00",267,21405,"The Rings","FEMALE","b","Ringwood","BA COE",75,64,"RIN","COE","ringwood-hawks","basketball-australia-centre-of-excellence",15,4,20,28,17,24,23,8,"21405.RIN","21405.COE",11
"50",11,"2019-06-22 20:00:00",254,21413,"Eltham High School","MALE","b","Eltham","Ringwood",107,89,"ELT","RIN","eltham-wildcats","ringwood-hawks",28,23,28,20,27,24,24,22,"21413.ELT","21413.RIN",18
"51",11,"2019-06-22 20:00:00",260,21418,"Ulverstone Stadium (double header)","MALE","b","NW Tasmania","Knox",61,74,"NWT","KNX","north-west-thunder","knox-basketball",16,16,11,21,20,24,14,13,"21418.NWT","21418.KNX",-13
"52",11,"2019-06-22 19:30:00",252,21410,"DV Sports &amp; Fitness Centre","MALE","b","Diamond Valley","Waverley",99,94,"DIV","WAV","diamond-valley-eagles","waverley-falcons",27,18,35,30,16,24,21,22,"21410.DIV","21410.WAV",5
"53",11,"2019-06-22 19:30:00",248,1867,"Bendigo Stadium","MALE","b","Bendigo","Ballarat",84,88,"BEN","BLM","bendigo-braves","ballarat-rush-miners",25,28,25,21,19,21,15,18,"1867.BEN","1867.BLM",-4
"54",11,"2019-06-22 19:30:00",256,1900,"Kilsyth Sports Centre","MALE","b","Kilsyth","Nunawading",99,87,"KIL","NUN","kilsyth-cobras","nunawading-spectres",17,16,33,25,29,17,20,29,"1900.KIL","1900.NUN",12
"55",11,"2019-06-22 19:00:00",250,21402,"Dandenong Basketball Stadium","MALE","b","Dandenong","Frankston",82,94,"DAN","FRA","dandenong-rangers","frankston-blues",23,23,26,27,11,20,22,24,"21402.DAN","21402.FRA",-12
"56",11,"2019-06-22 19:00:00",262,21415,"Southern Basketball Stadium","MALE","b","Southern","Albury Wodonga",84,107,"SAN","ALB","southern-sabres","albury-wodonga-bandits",18,22,21,28,21,27,24,30,"21415.SAN","21415.ALB",-23
"57",11,"2019-06-22 18:00:00",259,21418,"Ulverstone Stadium (double header)","FEMALE","b","Launceston","Knox",63,95,"LAU","KNX","launceston-tornadoes","knox-basketball",30,30,13,23,3,18,17,24,"21418.LAU","21418.KNX",-32
"58",11,"2019-06-22 18:00:00",253,21413,"Eltham High School","FEMALE","b","Eltham","Ringwood",74,85,"ELT","RIN","eltham-wildcats","ringwood-hawks",17,19,11,22,24,18,22,26,"21413.ELT","21413.RIN",-11
"59",11,"2019-06-22 18:00:00",258,21406,"MSAC","MALE","b","Melbourne","BA COE",96,61,"MEL","COE","melbourne-tigers","basketball-australia-centre-of-excellence",25,11,17,18,29,15,25,17,"21406.MEL","21406.COE",35
"60",11,"2019-06-22 17:30:00",251,21410,"DV Sports &amp; Fitness Centre","FEMALE","b","Diamond Valley","Waverley",76,83,"DIV","WAV","diamond-valley-eagles","waverley-falcons",20,23,19,18,22,18,15,24,"21410.DIV","21410.WAV",-7
"61",11,"2019-06-22 17:30:00",247,1867,"Bendigo Stadium","FEMALE","b","Bendigo","Ballarat",81,71,"BEN","BLR","bendigo-braves","ballarat-rush-miners",25,26,25,13,19,18,12,14,"1867.BEN","1867.BLR",10
"62",11,"2019-06-22 17:30:00",255,1900,"Kilsyth Sports Centre","FEMALE","b","Kilsyth","Nunawading",71,78,"KIL","NUN","kilsyth-cobras","nunawading-spectres",9,24,18,14,25,22,19,18,"1900.KIL","1900.NUN",-7
"63",11,"2019-06-22 17:00:00",249,21402,"Dandenong Basketball Stadium","FEMALE","b","Dandenong","Frankston",86,77,"DAN","FRA","dandenong-rangers","frankston-blues",22,20,23,27,19,15,22,15,"21402.DAN","21402.FRA",9
"64",11,"2019-06-22 17:00:00",261,21415,"Southern Basketball Stadium","FEMALE","b","Southern","Albury Wodonga",79,87,"SAN","ALB","southern-sabres","albury-wodonga-bandits",20,23,19,27,24,28,16,9,"21415.SAN","21415.ALB",-8
"65",11,"2019-06-22 16:00:00",257,21406,"MSAC","FEMALE","b","Melbourne","BA COE",64,66,"MEL","COE","melbourne-tigers","basketball-australia-centre-of-excellence",13,23,19,23,15,11,17,9,"21406.MEL","21406.COE",-2
"66",11,"2019-06-21 20:00:00",244,21404,"Geelong Arena","MALE","b","Geelong","NW Tasmania",79,74,"GEE","NWT","geelong-supercats","north-west-thunder",14,25,25,11,20,18,20,20,"21404.GEE","21404.NWT",5
"67",11,"2019-06-21 20:00:00",246,21409,"Kingborough Basketball Stadium","MALE","b","Hobart","Knox",89,86,"HOB","KNX","hobart-huskies","knox-basketball",15,28,22,13,31,24,21,21,"21409.HOB","21409.KNX",3
"68",11,"2019-06-21 18:00:00",243,21404,"Geelong Arena","FEMALE","b","Geelong","Launceston",89,57,"GEE","LAU","geelong-supercats","launceston-tornadoes",17,17,29,11,23,16,20,13,"21404.GEE","21404.LAU",32
"69",11,"2019-06-21 18:00:00",245,21409,"Kingborough Basketball Stadium","FEMALE","b","Hobart","Knox",50,84,"SOU","KNX","hobart-huskies","knox-basketball",15,19,14,28,7,17,14,20,"21409.SOU","21409.KNX",-34
"70",12,"2019-06-30 14:30:00",290,21407,"Waverley Basketball Centre","MALE","b","Waverley","Southern",77,91,"WAV","SAN","waverley-falcons","southern-sabres",20,19,22,28,25,17,10,27,"21407.WAV","21407.SAN",-14
"71",12,"2019-06-30 14:00:00",286,21410,"DV Sports &amp; Fitness Centre","MALE","b","Diamond Valley","Nunawading",97,109,"DIV","NUN","diamond-valley-eagles","nunawading-spectres",27,29,23,28,24,28,23,24,"21410.DIV","21410.NUN",-12
"72",12,"2019-06-30 14:00:00",288,1946,"State Basketball Centre","MALE","a","Knox","Ringwood",114,97,"KNX","RIN","knox-basketball","ringwood-hawks",25,22,24,32,34,21,31,22,"1946.KNX","1946.RIN",17
"73",12,"2019-06-30 12:30:00",289,21407,"Waverley Basketball Centre","FEMALE","b","Waverley","Southern",82,73,"WAV","SAN","waverley-falcons","southern-sabres",22,25,18,12,27,19,15,17,"21407.WAV","21407.SAN",9
"74",12,"2019-06-30 12:00:00",285,21410,"DV Sports &amp; Fitness Centre","FEMALE","b","Diamond Valley","Nunawading",74,104,"DIV","NUN","diamond-valley-eagles","nunawading-spectres",21,25,17,28,17,30,19,21,"21410.DIV","21410.NUN",-30
"75",12,"2019-06-30 12:00:00",287,1946,"State Basketball Centre","FEMALE","a","Knox","Ringwood",73,70,"KNX","RIN","knox-basketball","ringwood-hawks",22,16,20,20,13,15,18,19,"1946.KNX","1946.RIN",3
"76",12,"2019-06-29 20:00:00",272,21409,"Kingborough Basketball Stadium","MALE","b","Hobart","Melbourne",102,81,"HOB","MEL","hobart-huskies","melbourne-tigers",26,16,22,16,26,19,28,30,"21409.HOB","21409.MEL",21
"77",12,"2019-06-29 20:00:00",274,1858,"Lauren Jackson Sports Centre","MALE","a","Albury Wodonga","Frankston",105,120,"ALB","FRA","albury-wodonga-bandits","frankston-blues",24,26,29,28,22,25,30,41,"1858.ALB","1858.FRA",-15
"78",12,"2019-06-29 20:00:00",276,21408,"Mars® Minerdome","MALE","b","Ballarat","Diamond Valley",79,73,"BLM","DIV","ballarat-rush-miners","diamond-valley-eagles",24,22,18,28,19,18,18,5,"21408.BLM","21408.DIV",6
"79",12,"2019-06-29 20:00:00",280,21413,"Eltham High School","MALE","b","Eltham","Bendigo",88,92,"ELT","BEN","eltham-wildcats","bendigo-braves",24,17,23,16,23,33,18,26,"21413.ELT","21413.BEN",-4
"80",12,"2019-06-29 19:30:00",282,21412,"Nunawading Basketball Centre","MALE","a","Nunawading","Ringwood",99,96,"NUN","RIN","nunawading-spectres","ringwood-hawks",23,25,26,27,29,31,21,13,"21412.NUN","21412.RIN",3
"81",12,"2019-06-29 19:00:00",278,21402,"Dandenong Basketball Stadium","MALE","a","Dandenong","Kilsyth",95,84,"DAN","KIL","dandenong-rangers","kilsyth-cobras",22,20,28,31,25,18,20,15,"21402.DAN","21402.KIL",11
"82",12,"2019-06-29 19:00:00",284,21415,"Southern Basketball Stadium","MALE","a","Southern","Geelong",78,89,"SAN","GEE","southern-sabres","geelong-supercats",19,20,22,25,21,24,16,20,"21415.SAN","21415.GEE",-11
"83",12,"2019-06-29 18:00:00",275,21408,"Mars® Minerdome","FEMALE","b","Ballarat","Diamond Valley",84,68,"BLR","DIV","ballarat-rush-miners","diamond-valley-eagles",28,25,11,12,30,15,15,16,"21408.BLR","21408.DIV",16
"84",12,"2019-06-29 18:00:00",271,21409,"Kingborough Basketball Stadium","FEMALE","b","Hobart","Melbourne",86,81,"SOU","MEL","hobart-huskies","melbourne-tigers",36,23,15,19,11,11,24,28,"21409.SOU","21409.MEL",5
"85",12,"2019-06-29 18:00:00",279,21413,"Eltham High School","FEMALE","b","Eltham","Bendigo",60,96,"ELT","BEN","eltham-wildcats","bendigo-braves",16,31,19,22,6,17,19,26,"21413.ELT","21413.BEN",-36
"86",12,"2019-06-29 18:00:00",273,1858,"Lauren Jackson Sports Centre","FEMALE","a","Albury Wodonga","Frankston",98,76,"ALB","FRA","albury-wodonga-bandits","frankston-blues",26,21,19,20,27,18,26,17,"1858.ALB","1858.FRA",22
"87",12,"2019-06-29 17:30:00",281,21412,"Nunawading Basketball Centre","FEMALE","a","Nunawading","Ringwood",73,78,"NUN","RIN","nunawading-spectres","ringwood-hawks",22,20,18,15,22,24,11,19,"21412.NUN","21412.RIN",-5
"88",12,"2019-06-29 17:00:00",277,21402,"Dandenong Basketball Stadium","FEMALE","a","Dandenong","Kilsyth",61,80,"DAN","KIL","dandenong-rangers","kilsyth-cobras",15,25,20,20,11,16,15,19,"21402.DAN","21402.KIL",-19
"89",12,"2019-06-29 17:00:00",283,21415,"Southern Basketball Stadium","FEMALE","a","Southern","Geelong",59,68,"SAN","GEE","southern-sabres","geelong-supercats",13,17,14,20,15,16,17,15,"21415.SAN","21415.GEE",-9
"90",12,"2019-06-28 20:00:00",270,21414,"Elphin Stadium (double header)","MALE","b","NW Tasmania","Melbourne",90,82,"NWT","MEL","north-west-thunder","melbourne-tigers",12,19,21,18,19,15,23,23,"21414.NWT","21414.MEL",8
"91",12,"2019-06-28 18:00:00",269,21414,"Elphin Stadium (double header)","FEMALE","b","Launceston","Melbourne",79,87,"LAU","MEL","launceston-tornadoes","melbourne-tigers",25,23,19,16,15,26,20,22,"21414.LAU","21414.MEL",-8
"92",13,"2019-07-07 14:30:00",310,1889,"Frankston Basketball Stadium","MALE","a","Frankston","Southern",119,92,"FRA","SAN","frankston-blues","southern-sabres",26,21,38,21,25,24,30,26,"1889.FRA","1889.SAN",27
"93",13,"2019-07-07 14:30:00",312,21407,"Waverley Basketball Centre","MALE","b","Waverley","Dandenong",82,95,"WAV","DAN","waverley-falcons","dandenong-rangers",19,23,23,31,21,15,19,26,"21407.WAV","21407.DAN",-13
"94",13,"2019-07-07 12:30:00",309,1889,"Frankston Basketball Stadium","FEMALE","a","Frankston","Southern",93,97,"FRA","SAN","frankston-blues","southern-sabres",32,17,19,23,19,29,23,28,"1889.FRA","1889.SAN",-4
"95",13,"2019-07-07 12:30:00",311,21407,"Waverley Basketball Centre","FEMALE","b","Waverley","Dandenong",77,66,"WAV","DAN","waverley-falcons","dandenong-rangers",23,12,15,22,15,17,24,15,"21407.WAV","21407.DAN",11
"96",13,"2019-07-06 20:00:00",308,21405,"The Rings","MALE","b","Ringwood","Geelong",77,88,"RIN","GEE","ringwood-hawks","geelong-supercats",15,20,19,24,19,21,24,23,"21405.RIN","21405.GEE",-11
"97",13,"2019-07-06 20:00:00",298,21408,"Mars® Minerdome","MALE","a","Ballarat","Hobart",89,60,"BLM","HOB","ballarat-rush-miners","hobart-huskies",28,18,17,14,19,15,25,13,"21408.BLM","21408.HOB",29
"98",13,"2019-07-06 20:00:00",304,1946,"State Basketball Centre","MALE","a","Knox","Nunawading",66,106,"KNX","NUN","knox-basketball","nunawading-spectres",17,22,15,40,16,23,18,21,"1946.KNX","1946.NUN",-40
"99",13,"2019-07-06 20:00:00",296,1858,"Lauren Jackson Sports Centre","MALE","a","Albury Wodonga","Eltham",110,71,"ALB","ELT","albury-wodonga-bandits","eltham-wildcats",27,25,28,12,20,15,35,19,"1858.ALB","1858.ELT",39
"100",13,"2019-07-06 19:30:00",300,1867,"Bendigo Stadium","MALE","a","Bendigo","Diamond Valley",84,82,"BEN","DIV","bendigo-braves","diamond-valley-eagles",20,15,21,30,22,18,21,19,"1867.BEN","1867.DIV",2
"101",13,"2019-07-06 19:30:00",302,1889,"Frankston Basketball Stadium","MALE","a","Frankston","Melbourne",99,98,"FRA","MEL","frankston-blues","melbourne-tigers",24,20,28,26,29,25,18,27,"1889.FRA","1889.MEL",1
"102",13,"2019-07-06 19:30:00",306,21411,"Ulverstone/Elphin","MALE","b","NW Tasmania","Kilsyth",81,86,"NWT","KIL","north-west-thunder","kilsyth-cobras",23,21,22,21,16,22,20,22,"21411.NWT","21411.KIL",-5
"103",13,"2019-07-06 18:30:00",305,21411,"Ulverstone/Elphin","FEMALE","b","Launceston","Kilsyth",63,85,"LAU","KIL","launceston-tornadoes","kilsyth-cobras",18,21,15,18,15,24,15,22,"21411.LAU","21411.KIL",-22
"104",13,"2019-07-06 18:00:00",303,1946,"State Basketball Centre","FEMALE","a","Knox","Nunawading",84,101,"KNX","NUN","knox-basketball","nunawading-spectres",27,20,16,30,18,21,23,30,"1946.KNX","1946.NUN",-17
"105",13,"2019-07-06 18:00:00",295,1858,"Lauren Jackson Sports Centre","FEMALE","a","Albury Wodonga","Eltham",80,84,"ALB","ELT","albury-wodonga-bandits","eltham-wildcats",23,20,18,20,16,15,23,29,"1858.ALB","1858.ELT",-4
"106",13,"2019-07-06 18:00:00",297,21408,"Mars® Minerdome","FEMALE","a","Ballarat","Hobart",72,64,"BLR","SOU","ballarat-rush-miners","hobart-huskies",17,12,17,18,21,14,17,20,"21408.BLR","21408.SOU",8
"107",13,"2019-07-06 18:00:00",307,21405,"The Rings","FEMALE","b","Ringwood","Geelong",78,70,"RIN","GEE","ringwood-hawks","geelong-supercats",19,15,22,15,18,17,19,23,"21405.RIN","21405.GEE",8
"108",13,"2019-07-06 17:30:00",299,1867,"Bendigo Stadium","FEMALE","a","Bendigo","Diamond Valley",90,68,"BEN","DIV","bendigo-braves","diamond-valley-eagles",24,24,21,10,25,14,20,20,"1867.BEN","1867.DIV",22
"109",13,"2019-07-06 17:30:00",301,1889,"Frankston Basketball Stadium","FEMALE","a","Frankston","Melbourne",75,69,"FRA","MEL","frankston-blues","melbourne-tigers",20,18,20,19,13,10,22,22,"1889.FRA","1889.MEL",6
"110",13,"2019-07-05 20:00:00",294,21409,"Kingborough Basketball Stadium","MALE","a","Hobart","Kilsyth",80,62,"HOB","KIL","hobart-huskies","kilsyth-cobras",14,17,21,18,22,13,23,14,"21409.HOB","21409.KIL",18
"111",13,"2019-07-05 18:00:00",293,21409,"Kingborough Basketball Stadium","FEMALE","b","Hobart","Kilsyth",52,102,"SOU","KIL","hobart-huskies","kilsyth-cobras",17,29,13,22,7,24,15,27,"21409.SOU","21409.KIL",-50
"112",13,"2019-07-03 20:00:00",292,21408,"Mars® Minerdome","MALE","b","Ballarat","Geelong",97,69,"BLM","GEE","ballarat-rush-miners","geelong-supercats",23,17,24,12,20,19,30,21,"21408.BLM","21408.GEE",28
"113",13,"2019-07-03 18:00:00",291,21408,"Mars® Minerdome","FEMALE","a","Ballarat","Geelong",70,82,"BLR","GEE","ballarat-rush-miners","geelong-supercats",10,19,23,19,23,17,14,27,"21408.BLR","21408.GEE",-12
"114",14,"2019-07-14 15:00:00",334,21406,"MSAC","MALE","a","Melbourne","Hobart",94,93,"MEL","HOB","melbourne-tigers","hobart-huskies",31,14,14,24,27,26,22,29,"21406.MEL","21406.HOB",1
"115",14,"2019-07-14 14:30:00",338,21407,"Waverley Basketball Centre","MALE","b","Waverley","Knox",83,73,"WAV","KNX","waverley-falcons","knox-basketball",25,20,14,21,20,12,24,20,"21407.WAV","21407.KNX",10
"116",14,"2019-07-14 14:00:00",336,21415,"Southern Basketball Stadium","MALE","a","Southern","BA COE",92,88,"SAN","COE","southern-sabres","basketball-australia-centre-of-excellence",24,26,25,30,15,10,28,22,"21415.SAN","21415.COE",4
"117",14,"2019-07-14 14:00:00",330,21410,"DV Sports &amp; Fitness Centre","MALE","b","Diamond Valley","NW Tasmania",104,90,"DIV","NWT","diamond-valley-eagles","north-west-thunder",29,29,21,14,23,20,31,27,"21410.DIV","21410.NWT",14
"118",14,"2019-07-14 14:00:00",332,1900,"Kilsyth Sports Centre","MALE","b","Kilsyth","Frankston",58,93,"KIL","FRA","kilsyth-cobras","frankston-blues",7,30,14,21,20,26,17,16,"1900.KIL","1900.FRA",-35
"119",14,"2019-07-14 13:00:00",333,21406,"MSAC","FEMALE","a","Melbourne","Hobart",102,75,"MEL","SOU","melbourne-tigers","hobart-huskies",26,16,21,18,26,19,29,22,"21406.MEL","21406.SOU",27
"120",14,"2019-07-14 12:30:00",337,21407,"Waverley Basketball Centre","FEMALE","b","Waverley","Knox",83,65,"WAV","KNX","waverley-falcons","knox-basketball",22,16,22,14,19,15,20,20,"21407.WAV","21407.KNX",18
"121",14,"2019-07-14 12:00:00",331,1900,"Kilsyth Sports Centre","FEMALE","b","Kilsyth","Frankston",71,78,"KIL","FRA","kilsyth-cobras","frankston-blues",25,13,14,23,12,17,20,25,"1900.KIL","1900.FRA",-7
"122",14,"2019-07-14 12:00:00",329,21410,"DV Sports &amp; Fitness Centre","FEMALE","b","Diamond Valley","Launceston",85,93,"DIV","LAU","diamond-valley-eagles","launceston-tornadoes",24,24,18,25,22,18,21,26,"21410.DIV","21410.LAU",-8
"123",14,"2019-07-14 12:00:00",335,21415,"Southern Basketball Stadium","FEMALE","a","Southern","BA COE",79,80,"SAN","COE","southern-sabres","basketball-australia-centre-of-excellence",20,11,14,19,13,14,13,16,"21415.SAN","21415.COE",-1
"124",14,"2019-07-13 20:00:00",328,21405,"The Rings","MALE","b","Ringwood","NW Tasmania",90,76,"RIN","NWT","ringwood-hawks","north-west-thunder",9,26,22,22,26,9,33,19,"21405.RIN","21405.NWT",14
"125",14,"2019-07-13 20:00:00",320,21408,"Mars® Minerdome","MALE","b","Ballarat","Waverley",77,90,"BLM","WAV","ballarat-rush-miners","waverley-falcons",18,23,21,21,23,23,15,23,"21408.BLM","21408.WAV",-13
"126",14,"2019-07-13 20:00:00",324,1946,"State Basketball Centre","MALE","a","Knox","Bendigo",78,80,"KNX","BEN","knox-basketball","bendigo-braves",15,15,17,19,23,22,23,24,"1946.KNX","1946.BEN",-2
"127",14,"2019-07-13 20:00:00",318,1858,"Lauren Jackson Sports Centre","MALE","a","Albury Wodonga","Dandenong",83,104,"ALB","DAN","albury-wodonga-bandits","dandenong-rangers",22,29,21,25,22,23,18,27,"1858.ALB","1858.DAN",-21
"128",14,"2019-07-13 19:30:00",326,21412,"Nunawading Basketball Centre","MALE","b","Nunawading","Kilsyth",82,87,"NUN","KIL","nunawading-spectres","kilsyth-cobras",18,18,16,20,17,24,31,25,"21412.NUN","21412.KIL",-5
"129",14,"2019-07-13 19:30:00",322,21824,"Boroondara Sports Complex","MALE","a","Hobart","BA COE",105,87,"HOB","COE","hobart-huskies","basketball-australia-centre-of-excellence",23,24,31,19,20,18,31,26,"21824.HOB","21824.COE",18
"130",14,"2019-07-13 18:00:00",317,1858,"Lauren Jackson Sports Centre","FEMALE","a","Albury Wodonga","Dandenong",87,90,"ALB","DAN","albury-wodonga-bandits","dandenong-rangers",22,23,24,26,21,16,20,25,"1858.ALB","1858.DAN",-3
"131",14,"2019-07-13 18:00:00",323,1946,"State Basketball Centre","FEMALE","a","Knox","Bendigo",79,96,"KNX","BEN","knox-basketball","bendigo-braves",23,27,12,28,23,20,21,21,"1946.KNX","1946.BEN",-17
"132",14,"2019-07-13 18:00:00",327,21405,"The Rings","FEMALE","b","Ringwood","Launceston",89,68,"RIN","LAU","ringwood-hawks","launceston-tornadoes",28,18,16,23,28,14,17,13,"21405.RIN","21405.LAU",21
"133",14,"2019-07-13 18:00:00",319,21408,"Mars® Minerdome","FEMALE","b","Ballarat","Waverley",76,83,"BLR","WAV","ballarat-rush-miners","waverley-falcons",20,16,21,27,19,15,16,25,"21408.BLR","21408.WAV",-7
"134",14,"2019-07-13 17:30:00",325,21412,"Nunawading Basketball Centre","FEMALE","b","Nunawading","Kilsyth",72,80,"NUN","KIL","nunawading-spectres","kilsyth-cobras",17,22,15,27,15,14,25,17,"21412.NUN","21412.KIL",-8
"135",14,"2019-07-13 17:30:00",321,21824,"Boroondara Sports Complex","FEMALE","a","Hobart","BA COE",67,73,"SOU","COE","hobart-huskies","basketball-australia-centre-of-excellence",16,25,15,14,20,19,16,15,"21824.SOU","21824.COE",-6
"136",14,"2019-07-12 20:00:00",314,1867,"Bendigo Stadium","MALE","a","Bendigo","Albury Wodonga",82,93,"BEN","ALB","bendigo-braves","albury-wodonga-bandits",22,20,19,24,19,28,22,21,"1867.BEN","1867.ALB",-11
"137",14,"2019-07-12 20:00:00",316,21413,"Eltham High School","MALE","b","Eltham","BA COE",87,91,"ELT","COE","eltham-wildcats","basketball-australia-centre-of-excellence",19,18,20,25,23,22,25,26,"21413.ELT","21413.COE",-4
"138",14,"2019-07-12 18:00:00",313,1867,"Bendigo Stadium","FEMALE","b","Bendigo","Albury Wodonga",94,49,"BEN","ALB","bendigo-braves","albury-wodonga-bandits",18,16,28,12,17,13,31,8,"1867.BEN","1867.ALB",45
"139",14,"2019-07-12 18:00:00",315,21413,"Eltham High School","FEMALE","b","Eltham","BA COE",86,90,"ELT","COE","eltham-wildcats","basketball-australia-centre-of-excellence",26,19,26,22,15,23,19,26,"21413.ELT","21413.COE",-4
"140",15,"2019-07-21 16:00:00",358,21406,"MSAC","MALE","a","Melbourne","Eltham",82,70,"MEL","ELT","melbourne-tigers","eltham-wildcats",25,16,17,16,16,13,24,25,"21406.MEL","21406.ELT",12
"141",15,"2019-07-21 14:00:00",356,21402,"Dandenong Basketball Stadium","MALE","a","Dandenong","Ringwood",111,106,"DAN","RIN","dandenong-rangers","ringwood-hawks",25,26,17,19,28,21,23,27,"21402.DAN","21402.RIN",5
"142",15,"2019-07-21 14:00:00",357,21406,"MSAC","FEMALE","a","Melbourne","Eltham",72,93,"MEL","ELT","melbourne-tigers","eltham-wildcats",17,25,23,9,7,39,25,20,"21406.MEL","21406.ELT",-21
"143",15,"2019-07-21 14:00:00",360,21415,"Southern Basketball Stadium","MALE","b","Southern","Frankston",83,97,"SAN","FRA","southern-sabres","frankston-blues",17,25,22,28,16,17,28,27,"21415.SAN","21415.FRA",-14
"144",15,"2019-07-21 12:00:00",359,21415,"Southern Basketball Stadium","FEMALE","b","Southern","Frankston",96,97,"SAN","FRA","southern-sabres","frankston-blues",24,12,21,18,15,33,26,23,"21415.SAN","21415.FRA",-1
"145",15,"2019-07-21 12:00:00",355,21402,"Dandenong Basketball Stadium","FEMALE","a","Dandenong","Ringwood",68,71,"DAN","RIN","dandenong-rangers","ringwood-hawks",21,18,16,23,18,15,13,15,"21402.DAN","21402.RIN",-3
"146",15,"2019-07-20 20:00:00",342,1858,"Lauren Jackson Sports Centre","MALE","a","Albury Wodonga","Knox",96,99,"ALB","KNX","albury-wodonga-bandits","knox-basketball",26,33,29,28,19,17,22,21,"1858.ALB","1858.KNX",-3
"147",15,"2019-07-20 20:00:00",344,21408,"Mars® Minerdome","MALE","b","Ballarat","Melbourne",78,86,"BLM","MEL","ballarat-rush-miners","melbourne-tigers",14,27,24,25,17,16,23,18,"21408.BLM","21408.MEL",-8
"148",15,"2019-07-20 20:00:00",348,21413,"Eltham High School","MALE","a","Eltham","Nunawading",94,97,"ELT","NUN","eltham-wildcats","nunawading-spectres",23,26,18,28,28,11,25,32,"21413.ELT","21413.NUN",-3
"149",15,"2019-07-20 19:30:00",354,21411,"Ulverstone/Elphin","MALE","a","NW Tasmania","Waverley",103,95,"NWT","WAV","north-west-thunder","waverley-falcons",31,23,25,19,29,22,18,31,"21411.NWT","21411.WAV",8
"150",15,"2019-07-20 19:30:00",352,1900,"Kilsyth Sports Centre","MALE","b","Kilsyth","Dandenong",94,86,"KIL","DAN","kilsyth-cobras","dandenong-rangers",25,24,22,25,27,17,20,20,"1900.KIL","1900.DAN",8
"151",15,"2019-07-20 19:30:00",346,21410,"DV Sports &amp; Fitness Centre","MALE","b","Diamond Valley","Southern",85,82,"DIV","SAN","diamond-valley-eagles","southern-sabres",19,26,19,16,24,19,23,21,"21410.DIV","21410.SAN",3
"152",15,"2019-07-20 19:15:00",350,21404,"Geelong Arena","MALE","b","Geelong","Bendigo",67,84,"GEE","BEN","geelong-supercats","bendigo-braves",20,22,15,20,14,19,18,23,"21404.GEE","21404.BEN",-17
"153",15,"2019-07-20 18:30:00",353,21411,"Ulverstone/Elphin","FEMALE","a","Launceston","Waverley",77,99,"LAU","WAV","launceston-tornadoes","waverley-falcons",22,27,13,30,19,24,23,18,"21411.LAU","21411.WAV",-22
"154",15,"2019-07-20 18:00:00",343,21408,"Mars® Minerdome","FEMALE","b","Ballarat","Melbourne",84,79,"BLR","MEL","ballarat-rush-miners","melbourne-tigers",17,16,19,19,27,25,21,19,"21408.BLR","21408.MEL",5
"155",15,"2019-07-20 18:00:00",347,21413,"Eltham High School","FEMALE","a","Eltham","Nunawading",80,73,"ELT","NUN","eltham-wildcats","nunawading-spectres",25,25,11,16,23,18,21,14,"21413.ELT","21413.NUN",7
"156",15,"2019-07-20 18:00:00",341,1858,"Lauren Jackson Sports Centre","FEMALE","a","Albury Wodonga","Knox",84,98,"ALB","KNX","albury-wodonga-bandits","knox-basketball",20,25,23,18,18,29,23,26,"1858.ALB","1858.KNX",-14
"157",15,"2019-07-20 17:30:00",351,1900,"Kilsyth Sports Centre","FEMALE","b","Kilsyth","Dandenong",81,58,"KIL","DAN","kilsyth-cobras","dandenong-rangers",27,11,16,6,20,18,18,23,"1900.KIL","1900.DAN",23
"158",15,"2019-07-20 17:30:00",345,21410,"DV Sports &amp; Fitness Centre","FEMALE","b","Diamond Valley","Southern",88,69,"DIV","SAN","diamond-valley-eagles","southern-sabres",31,15,17,17,23,19,17,18,"21410.DIV","21410.SAN",19
"159",15,"2019-07-20 17:00:00",349,21404,"Geelong Arena","FEMALE","b","Geelong","Bendigo",58,88,"GEE","BEN","geelong-supercats","bendigo-braves",14,25,15,19,20,27,9,17,"21404.GEE","21404.BEN",-30
"160",15,"2019-07-19 20:00:00",340,21409,"Kingborough Basketball Stadium","MALE","b","Hobart","Waverley",98,95,"HOB","WAV","hobart-huskies","waverley-falcons",20,30,27,27,32,25,19,13,"21409.HOB","21409.WAV",3
"161",15,"2019-07-19 18:00:00",339,21409,"Kingborough Basketball Stadium","FEMALE","b","Hobart","Waverley",63,97,"SOU","WAV","hobart-huskies","waverley-falcons",13,23,14,28,12,19,24,27,"21409.SOU","21409.WAV",-34
"162",2,"2019-04-07 14:00:00",44,21402,"Dandenong Basketball Stadium","MALE","a","Dandenong","Diamond Valley",81,76,"DAN","DIV","dandenong-rangers","diamond-valley-eagles",18,22,24,16,27,21,12,17,"21402.DAN","21402.DIV",5
"163",2,"2019-04-07 14:00:00",46,21416,"MSAC (Court 1)","MALE","b","Melbourne","Frankston",102,91,"MEL","FRA","melbourne-tigers","frankston-blues",27,19,14,25,37,22,24,25,"21416.MEL","21416.FRA",11
"164",2,"2019-04-07 12:00:00",45,21416,"MSAC (Court 1)","FEMALE","b","Melbourne","Frankston",77,71,"MEL","FRA","melbourne-tigers","frankston-blues",22,23,13,16,23,18,19,14,"21416.MEL","21416.FRA",6
"165",2,"2019-04-07 12:00:00",43,21402,"Dandenong Basketball Stadium","FEMALE","a","Dandenong","Diamond Valley",89,69,"DAN","DIV","dandenong-rangers","diamond-valley-eagles",16,21,26,19,24,15,23,14,"21402.DAN","21402.DIV",20
"166",2,"2019-04-06 20:00:00",36,21413,"Eltham High School","MALE","a","Eltham","Waverley",84,89,"ELT","WAV","eltham-wildcats","waverley-falcons",18,27,18,25,33,12,15,25,"21413.ELT","21413.WAV",-5
"167",2,"2019-04-06 20:00:00",32,21408,"Mars® Minerdome","MALE","a","Ballarat","Bendigo",94,86,"BLM","BEN","ballarat-rush-miners","bendigo-braves",30,15,17,29,23,21,24,21,"21408.BLM","21408.BEN",8
"168",2,"2019-04-06 20:00:00",39,21414,"Elphin Stadium (double header)","FEMALE","a","Launceston","Nunawading",85,87,"LAU","NUN","launceston-tornadoes","nunawading-spectres",18,24,26,29,18,16,23,18,"21414.LAU","21414.NUN",-2
"169",2,"2019-04-06 20:00:00",30,1858,"Lauren Jackson Sports Centre","MALE","a","Albury Wodonga","Ringwood",105,100,"ALB","RIN","albury-wodonga-bandits","ringwood-hawks",25,31,24,22,32,27,24,20,"1858.ALB","1858.RIN",5
"170",2,"2019-04-06 19:30:00",34,21410,"DV Sports &amp; Fitness Centre","MALE","a","Diamond Valley","BA COE",84,86,"DIV","COE","diamond-valley-eagles","basketball-australia-centre-of-excellence",17,19,20,23,22,21,25,23,"21410.DIV","21410.COE",-2
"171",2,"2019-04-06 19:00:00",38,21404,"Geelong Arena","MALE","a","Geelong","Knox",88,72,"GEE","KNX","geelong-supercats","knox-basketball",30,17,9,22,26,18,23,15,"21404.GEE","21404.KNX",16
"172",2,"2019-04-06 19:00:00",42,21415,"Southern Basketball Stadium","MALE","b","Southern","Dandenong",83,90,"SAN","DAN","southern-sabres","dandenong-rangers",14,15,25,24,21,23,23,28,"21415.SAN","21415.DAN",-7
"173",2,"2019-04-06 18:00:00",35,21413,"Eltham High School","FEMALE","a","Eltham","Waverley",81,80,"ELT","WAV","eltham-wildcats","waverley-falcons",19,28,13,14,24,16,25,22,"21413.ELT","21413.WAV",1
"174",2,"2019-04-06 18:00:00",31,21408,"Mars® Minerdome","FEMALE","a","Ballarat","Bendigo",55,73,"BLR","BEN","ballarat-rush-miners","bendigo-braves",14,13,17,26,15,16,9,18,"21408.BLR","21408.BEN",-18
"175",2,"2019-04-06 18:00:00",29,1858,"Lauren Jackson Sports Centre","FEMALE","a","Albury Wodonga","Ringwood",69,79,"ALB","RIN","albury-wodonga-bandits","ringwood-hawks",15,20,20,15,14,20,20,24,"1858.ALB","1858.RIN",-10
"176",2,"2019-04-06 18:00:00",40,21414,"Elphin Stadium (double header)","MALE","b","NW Tasmania","Nunawading",79,92,"NWT","NUN","north-west-thunder","nunawading-spectres",20,20,19,29,22,25,18,18,"21414.NWT","21414.NUN",-13
"177",2,"2019-04-06 17:30:00",33,21410,"DV Sports &amp; Fitness Centre","FEMALE","a","Diamond Valley","BA COE",88,66,"DIV","COE","diamond-valley-eagles","basketball-australia-centre-of-excellence",23,27,22,15,23,13,20,11,"21410.DIV","21410.COE",22
"178",2,"2019-04-06 17:00:00",37,21404,"Geelong Arena","FEMALE","a","Geelong","Knox",94,89,"GEE","KNX","geelong-supercats","knox-basketball",16,14,29,22,20,23,15,21,"21404.GEE","21404.KNX",5
"179",2,"2019-04-06 17:00:00",41,21415,"Southern Basketball Stadium","FEMALE","b","Southern","Dandenong",89,99,"SAN","DAN","southern-sabres","dandenong-rangers",19,28,28,27,16,19,26,25,"21415.SAN","21415.DAN",-10
"180",2,"2019-04-05 20:00:00",26,1867,"Bendigo Stadium","MALE","a","Bendigo","BA COE",72,87,"BEN","COE","bendigo-braves","basketball-australia-centre-of-excellence",14,19,24,20,17,22,17,26,"1867.BEN","1867.COE",-15
"181",2,"2019-04-05 20:00:00",28,21409,"Kingborough Basketball Stadium","MALE","b","Hobart","Nunawading",72,93,"HOB","NUN","hobart-huskies","nunawading-spectres",16,29,15,24,27,22,14,18,"21409.HOB","21409.NUN",-21
"182",2,"2019-04-05 18:00:00",25,1867,"Bendigo Stadium","FEMALE","a","Bendigo","BA COE",72,54,"BEN","COE","bendigo-braves","basketball-australia-centre-of-excellence",15,18,18,16,23,15,16,5,"1867.BEN","1867.COE",18
"183",2,"2019-04-05 18:00:00",27,21409,"Kingborough Basketball Stadium","FEMALE","b","Hobart","Nunawading",87,75,"SOU","NUN","hobart-huskies","nunawading-spectres",19,18,21,16,19,21,28,20,"21409.SOU","21409.NUN",12
"184",3,"2019-04-20 19:00:00",70,21404,"Geelong Arena","MALE","a","Geelong","Eltham",103,72,"GEE","ELT","geelong-supercats","eltham-wildcats",26,19,26,17,32,15,19,21,"21404.GEE","21404.ELT",31
"185",3,"2019-04-20 17:00:00",69,21404,"Geelong Arena","FEMALE","a","Geelong","Eltham",96,60,"GEE","ELT","geelong-supercats","eltham-wildcats",26,20,19,10,23,15,28,15,"21404.GEE","21404.ELT",36
"186",3,"2019-04-18 20:00:00",68,1867,"Bendigo Stadium","MALE","b","Bendigo","Frankston",88,73,"BEN","FRA","bendigo-braves","frankston-blues",21,23,21,19,22,13,24,18,"1867.BEN","1867.FRA",15
"187",3,"2019-04-18 18:00:00",67,1867,"Bendigo Stadium","FEMALE","b","Bendigo","Frankston",99,81,"BEN","FRA","bendigo-braves","frankston-blues",26,18,32,14,23,24,18,25,"1867.BEN","1867.FRA",18
"188",3,"2019-04-14 14:00:00",64,1946,"State Basketball Centre","MALE","a","Knox","Melbourne",72,83,"KNX","MEL","knox-basketball","melbourne-tigers",24,28,20,26,14,11,14,18,"1946.KNX","1946.MEL",-11
"189",3,"2019-04-14 14:00:00",66,21405,"The Rings","MALE","b","Ringwood","Kilsyth",79,92,"RIN","KIL","ringwood-hawks","kilsyth-cobras",16,29,17,30,31,8,15,25,"21405.RIN","21405.KIL",-13
"190",3,"2019-04-14 12:00:00",63,1946,"State Basketball Centre","FEMALE","a","Knox","Melbourne",104,72,"KNX","MEL","knox-basketball","melbourne-tigers",28,18,29,18,27,19,20,17,"1946.KNX","1946.MEL",32
"191",3,"2019-04-14 12:00:00",65,21405,"The Rings","FEMALE","b","Ringwood","Kilsyth",68,51,"RIN","KIL","ringwood-hawks","kilsyth-cobras",22,17,12,12,20,11,14,11,"21405.RIN","21405.KIL",17
"192",3,"2019-04-13 20:30:00",62,21407,"Waverley Basketball Centre","MALE","b","Waverley","Melbourne",84,81,"WAV","MEL","waverley-falcons","melbourne-tigers",17,20,30,19,23,22,14,20,"21407.WAV","21407.MEL",3
"193",3,"2019-04-13 20:00:00",52,1858,"Lauren Jackson Sports Centre","MALE","a","Albury Wodonga","Diamond Valley",124,81,"ALB","DIV","albury-wodonga-bandits","diamond-valley-eagles",30,11,33,28,33,20,28,22,"1858.ALB","1858.DIV",43
"194",3,"2019-04-13 20:00:00",56,21409,"Kingborough Basketball Stadium","MALE","b","Hobart","NW Tasmania",95,102,"HOB","NWT","hobart-huskies","north-west-thunder",22,22,22,21,24,24,27,35,"21409.HOB","21409.NWT",-7
"195",3,"2019-04-13 19:30:00",58,1900,"Kilsyth Sports Centre","MALE","b","Kilsyth","Bendigo",100,90,"KIL","BEN","kilsyth-cobras","bendigo-braves",27,28,23,19,31,18,19,25,"1900.KIL","1900.BEN",10
"196",3,"2019-04-13 19:00:00",54,21402,"Dandenong Basketball Stadium","MALE","b","Dandenong","Ballarat",73,80,"DAN","BLM","dandenong-rangers","ballarat-rush-miners",13,22,18,34,19,13,23,11,"21402.DAN","21402.BLM",-7
"197",3,"2019-04-13 19:00:00",60,21415,"Southern Basketball Stadium","MALE","b","Southern","Knox",78,100,"SAN","KNX","southern-sabres","knox-basketball",21,27,16,25,19,18,22,30,"21415.SAN","21415.KNX",-22
"198",3,"2019-04-13 18:30:00",61,21407,"Waverley Basketball Centre","FEMALE","b","Waverley","Melbourne",69,72,"WAV","MEL","waverley-falcons","melbourne-tigers",17,18,23,28,8,11,21,15,"21407.WAV","21407.MEL",-3
"199",3,"2019-04-13 18:00:00",51,1858,"Lauren Jackson Sports Centre","FEMALE","a","Albury Wodonga","Diamond Valley",92,81,"ALB","DIV","albury-wodonga-bandits","diamond-valley-eagles",24,18,17,26,26,23,25,14,"1858.ALB","1858.DIV",11
"200",3,"2019-04-13 18:00:00",55,21409,"Kingborough Basketball Stadium","FEMALE","b","Hobart","Launceston",95,104,"SOU","LAU","hobart-huskies","launceston-tornadoes",27,32,22,28,26,22,20,22,"21409.SOU","21409.LAU",-9
"201",3,"2019-04-13 17:30:00",57,1900,"Kilsyth Sports Centre","FEMALE","b","Kilsyth","Bendigo",64,70,"KIL","BEN","kilsyth-cobras","bendigo-braves",12,17,18,15,14,17,20,21,"1900.KIL","1900.BEN",-6
"202",3,"2019-04-13 17:00:00",53,21402,"Dandenong Basketball Stadium","FEMALE","b","Dandenong","Ballarat",90,73,"DAN","BLR","dandenong-rangers","ballarat-rush-miners",26,23,23,16,18,19,23,15,"21402.DAN","21402.BLR",17
"203",3,"2019-04-13 17:00:00",59,21415,"Southern Basketball Stadium","FEMALE","b","Southern","Knox",67,92,"SAN","KNX","southern-sabres","knox-basketball",15,27,19,20,20,22,13,23,"21415.SAN","21415.KNX",-25
"204",3,"2019-04-12 20:30:00",50,21412,"Nunawading Basketball Centre","MALE","b","Nunawading","Eltham",100,76,"NUN","ELT","nunawading-spectres","eltham-wildcats",28,14,27,20,34,25,11,17,"21412.NUN","21412.ELT",24
"205",3,"2019-04-12 19:30:00",48,1889,"Frankston Basketball Stadium","MALE","b","Frankston","Geelong",77,72,"FRA","GEE","frankston-blues","geelong-supercats",25,18,6,16,19,19,27,19,"1889.FRA","1889.GEE",5
"206",3,"2019-04-12 18:30:00",49,21412,"Nunawading Basketball Centre","FEMALE","b","Nunawading","Eltham",89,72,"NUN","ELT","nunawading-spectres","eltham-wildcats",29,13,21,31,23,17,16,11,"21412.NUN","21412.ELT",17
"207",3,"2019-04-12 17:30:00",47,1889,"Frankston Basketball Stadium","FEMALE","b","Frankston","Geelong",65,64,"FRA","GEE","frankston-blues","geelong-supercats",13,17,11,14,21,20,20,13,"1889.FRA","1889.GEE",1
"208",4,"2019-04-28 14:30:00",96,21407,"Waverley Basketball Centre","MALE","b","Waverley","NW Tasmania",116,121,"WAV","NWT","waverley-falcons","north-west-thunder",23,27,27,32,24,26,28,17,"21407.WAV","21407.NWT",-5
"209",4,"2019-04-28 14:00:00",92,1900,"Kilsyth Sports Centre","MALE","a","Kilsyth","Melbourne",92,72,"KIL","MEL","kilsyth-cobras","melbourne-tigers",28,22,19,20,17,14,28,16,"1900.KIL","1900.MEL",20
"210",4,"2019-04-28 14:00:00",94,21410,"DV Sports &amp; Fitness Centre","MALE","a","Diamond Valley","Hobart",97,88,"DIV","HOB","diamond-valley-eagles","hobart-huskies",28,18,28,20,17,29,24,21,"21410.DIV","21410.HOB",9
"211",4,"2019-04-28 12:30:00",95,21407,"Waverley Basketball Centre","FEMALE","b","Waverley","Launceston",88,92,"WAV","LAU","waverley-falcons","launceston-tornadoes",26,23,20,25,20,25,22,19,"21407.WAV","21407.LAU",-4
"212",4,"2019-04-28 12:00:00",91,1900,"Kilsyth Sports Centre","FEMALE","a","Kilsyth","Melbourne",94,62,"KIL","MEL","kilsyth-cobras","melbourne-tigers",19,21,27,7,25,14,23,20,"1900.KIL","1900.MEL",32
"213",4,"2019-04-28 12:00:00",93,21410,"DV Sports &amp; Fitness Centre","FEMALE","a","Diamond Valley","Hobart",67,90,"DIV","SOU","diamond-valley-eagles","hobart-huskies",19,23,18,22,18,26,12,19,"21410.DIV","21410.SOU",-23
"214",4,"2019-04-27 20:00:00",88,21405,"The Rings","MALE","b","Ringwood","Eltham",112,106,"RIN","ELT","ringwood-hawks","eltham-wildcats",27,22,12,26,23,13,19,20,"21405.RIN","21405.ELT",6
"215",4,"2019-04-27 20:00:00",76,1858,"Lauren Jackson Sports Centre","MALE","a","Albury Wodonga","BA COE",89,94,"ALB","COE","albury-wodonga-bandits","basketball-australia-centre-of-excellence",25,26,29,18,19,26,16,24,"1858.ALB","1858.COE",-5
"216",4,"2019-04-27 20:00:00",84,1946,"State Basketball Centre","MALE","b","Knox","Ballarat",68,90,"KNX","BLM","knox-basketball","ballarat-rush-miners",7,18,16,28,24,24,21,20,"1946.KNX","1946.BLM",-22
"217",4,"2019-04-27 19:30:00",78,1867,"Bendigo Stadium","MALE","b","Bendigo","NW Tasmania",93,76,"BEN","NWT","bendigo-braves","north-west-thunder",21,29,30,13,18,22,24,12,"1867.BEN","1867.NWT",17
"218",4,"2019-04-27 19:30:00",86,21412,"Nunawading Basketball Centre","MALE","b","Nunawading","Frankston",73,86,"NUN","FRA","nunawading-spectres","frankston-blues",20,27,18,20,16,16,19,23,"21412.NUN","21412.FRA",-13
"219",4,"2019-04-27 19:00:00",82,21404,"Geelong Arena","MALE","b","Geelong","Kilsyth",78,95,"GEE","KIL","geelong-supercats","kilsyth-cobras",23,28,25,26,17,24,13,17,"21404.GEE","21404.KIL",-17
"220",4,"2019-04-27 19:00:00",80,21402,"Dandenong Basketball Stadium","MALE","b","Dandenong","Melbourne",106,66,"DAN","MEL","dandenong-rangers","melbourne-tigers",25,14,27,18,23,16,31,18,"21402.DAN","21402.MEL",40
"221",4,"2019-04-27 19:00:00",90,21415,"Southern Basketball Stadium","MALE","b","Southern","Hobart",107,97,"SAN","HOB","southern-sabres","hobart-huskies",31,19,27,26,30,21,19,31,"21415.SAN","21415.HOB",10
"222",4,"2019-04-27 18:00:00",87,21405,"The Rings","FEMALE","a","Ringwood","Eltham",68,74,"RIN","ELT","ringwood-hawks","eltham-wildcats",18,22,20,18,24,15,6,19,"21405.RIN","21405.ELT",-6
"223",4,"2019-04-27 18:00:00",75,1858,"Lauren Jackson Sports Centre","FEMALE","a","Albury Wodonga","BA COE",83,65,"ALB","COE","albury-wodonga-bandits","basketball-australia-centre-of-excellence",26,19,15,12,21,6,21,28,"1858.ALB","1858.COE",18
"224",4,"2019-04-27 18:00:00",83,1946,"State Basketball Centre","FEMALE","b","Knox","Ballarat",93,90,"KNX","BLR","knox-basketball","ballarat-rush-miners",21,20,32,28,22,20,18,22,"1946.KNX","1946.BLR",3
"225",4,"2019-04-27 17:30:00",77,1867,"Bendigo Stadium","FEMALE","b","Bendigo","Launceston",105,83,"BEN","LAU","bendigo-braves","launceston-tornadoes",28,22,29,30,27,16,21,15,"1867.BEN","1867.LAU",22
"226",4,"2019-04-27 17:30:00",85,21412,"Nunawading Basketball Centre","FEMALE","b","Nunawading","Frankston",93,75,"NUN","FRA","nunawading-spectres","frankston-blues",23,20,23,12,24,25,23,18,"21412.NUN","21412.FRA",18
"227",4,"2019-04-27 17:00:00",89,21415,"Southern Basketball Stadium","FEMALE","b","Southern","Hobart",74,86,"SAN","SOU","southern-sabres","hobart-huskies",24,16,21,18,14,28,15,24,"21415.SAN","21415.SOU",-12
"228",4,"2019-04-27 17:00:00",79,21402,"Dandenong Basketball Stadium","FEMALE","b","Dandenong","Melbourne",42,56,"DAN","MEL","dandenong-rangers","melbourne-tigers",9,25,7,11,9,11,17,9,"21402.DAN","21402.MEL",-14
"229",4,"2019-04-27 17:00:00",81,21404,"Geelong Arena","FEMALE","b","Geelong","Kilsyth",83,72,"GEE","KIL","geelong-supercats","kilsyth-cobras",29,27,11,13,19,15,24,17,"21404.GEE","21404.KIL",11
"230",4,"2019-04-25 16:00:00",74,21417,"AIS","MALE","a","BA COE","Geelong",72,73,"COE","GEE","basketball-australia-centre-of-excellence","geelong-supercats",27,21,18,10,9,26,18,16,"21417.COE","21417.GEE",-1
"231",4,"2019-04-25 14:00:00",73,21417,"AIS","FEMALE","a","BA COE","Geelong",49,97,"COE","GEE","basketball-australia-centre-of-excellence","geelong-supercats",3,31,20,21,11,22,15,23,"21417.COE","21417.GEE",-48
"232",4,"2019-04-24 20:00:00",72,1889,"Frankston Basketball Stadium","MALE","a","Frankston","Dandenong",74,85,"FRA","DAN","frankston-blues","dandenong-rangers",20,17,24,23,11,20,19,25,"1889.FRA","1889.DAN",-11
"233",4,"2019-04-24 18:00:00",71,1889,"Frankston Basketball Stadium","FEMALE","a","Frankston","Dandenong",63,87,"FRA","DAN","frankston-blues","dandenong-rangers",11,15,19,28,16,18,17,26,"1889.FRA","1889.DAN",-24
"234",5,"2019-05-05 14:30:00",114,21413,"Eltham High School","MALE","b","Eltham","NW Tasmania",95,100,"ELT","NWT","eltham-wildcats","north-west-thunder",17,25,18,21,30,26,30,28,"21413.ELT","21413.NWT",-5
"235",5,"2019-05-05 14:30:00",118,21407,"Waverley Basketball Centre","MALE","b","Waverley","Geelong",62,92,"WAV","GEE","waverley-falcons","geelong-supercats",17,34,19,21,12,12,14,25,"21407.WAV","21407.GEE",-30
"236",5,"2019-05-05 14:00:00",116,1900,"Kilsyth Sports Centre","MALE","a","Kilsyth","Southern",92,106,"KIL","SAN","kilsyth-cobras","southern-sabres",21,22,21,23,17,26,33,35,"1900.KIL","1900.SAN",-14
"237",5,"2019-05-05 14:00:00",112,21410,"DV Sports &amp; Fitness Centre","MALE","a","Diamond Valley","Ringwood",81,74,"DIV","RIN","diamond-valley-eagles","ringwood-hawks",23,22,31,20,10,14,17,18,"21410.DIV","21410.RIN",7
"238",5,"2019-05-05 12:30:00",113,21413,"Eltham High School","FEMALE","b","Eltham","Launceston",94,80,"ELT","LAU","eltham-wildcats","launceston-tornadoes",25,23,26,20,25,25,18,12,"21413.ELT","21413.LAU",14
"239",5,"2019-05-05 12:30:00",117,21407,"Waverley Basketball Centre","FEMALE","b","Waverley","Geelong",54,83,"WAV","GEE","waverley-falcons","geelong-supercats",8,17,13,24,20,25,13,17,"21407.WAV","21407.GEE",-29
"240",5,"2019-05-05 12:00:00",115,1900,"Kilsyth Sports Centre","FEMALE","a","Kilsyth","Southern",92,60,"KIL","SAN","kilsyth-cobras","southern-sabres",15,9,26,22,29,22,22,7,"1900.KIL","1900.SAN",32
"241",5,"2019-05-05 12:00:00",111,21410,"DV Sports &amp; Fitness Centre","FEMALE","a","Diamond Valley","Ringwood",84,93,"DIV","RIN","diamond-valley-eagles","ringwood-hawks",25,26,22,22,18,18,19,27,"21410.DIV","21410.RIN",-9
"242",5,"2019-05-04 20:00:00",100,1858,"Lauren Jackson Sports Centre","MALE","a","Albury Wodonga","Ballarat",63,126,"ALB","BLM","albury-wodonga-bandits","ballarat-rush-miners",17,31,18,35,20,34,8,26,"1858.ALB","1858.BLM",-63
"243",5,"2019-05-04 20:00:00",110,21405,"The Rings","MALE","a","Ringwood","Hobart",87,106,"RIN","HOB","ringwood-hawks","hobart-huskies",20,25,23,20,17,34,27,27,"21405.RIN","21405.HOB",-19
"244",5,"2019-05-04 19:30:00",108,21412,"Nunawading Basketball Centre","MALE","b","Nunawading","Knox",73,90,"NUN","KNX","nunawading-spectres","knox-basketball",18,24,20,24,17,16,18,26,"21412.NUN","21412.KNX",-17
"245",5,"2019-05-04 19:30:00",104,1889,"Frankston Basketball Stadium","MALE","b","Frankston","NW Tasmania",103,90,"FRA","NWT","frankston-blues","north-west-thunder",28,15,23,27,23,22,29,26,"1889.FRA","1889.NWT",13
"246",5,"2019-05-04 19:00:00",102,21402,"Dandenong Basketball Stadium","MALE","b","Dandenong","Eltham",85,104,"DAN","ELT","dandenong-rangers","eltham-wildcats",13,26,36,27,10,26,26,25,"21402.DAN","21402.ELT",-19
"247",5,"2019-05-04 18:00:00",106,21406,"MSAC","MALE","b","Melbourne","Southern",113,101,"MEL","SAN","melbourne-tigers","southern-sabres",21,24,26,14,25,29,25,30,"21406.MEL","21406.SAN",12
"248",5,"2019-05-04 18:00:00",109,21405,"The Rings","FEMALE","a","Ringwood","Hobart",84,73,"RIN","SOU","ringwood-hawks","hobart-huskies",23,14,23,24,18,22,20,13,"21405.RIN","21405.SOU",11
"249",5,"2019-05-04 18:00:00",99,1858,"Lauren Jackson Sports Centre","FEMALE","a","Albury Wodonga","Ballarat",76,68,"ALB","BLR","albury-wodonga-bandits","ballarat-rush-miners",18,18,15,19,19,19,24,12,"1858.ALB","1858.BLR",8
"250",5,"2019-05-04 17:30:00",107,21412,"Nunawading Basketball Centre","FEMALE","b","Nunawading","Knox",82,79,"NUN","KNX","nunawading-spectres","knox-basketball",20,14,17,19,20,24,25,22,"21412.NUN","21412.KNX",3
"251",5,"2019-05-04 17:30:00",103,1889,"Frankston Basketball Stadium","FEMALE","b","Frankston","Launceston",114,67,"FRA","LAU","frankston-blues","launceston-tornadoes",30,23,28,14,28,17,28,13,"1889.FRA","1889.LAU",47
"252",5,"2019-05-04 17:00:00",101,21402,"Dandenong Basketball Stadium","FEMALE","b","Dandenong","Eltham",83,65,"DAN","ELT","dandenong-rangers","eltham-wildcats",23,21,24,18,15,18,21,8,"21402.DAN","21402.ELT",18
"253",5,"2019-05-04 16:00:00",105,21406,"MSAC","FEMALE","b","Melbourne","Southern",60,66,"MEL","SAN","melbourne-tigers","southern-sabres",12,13,17,28,16,16,15,9,"21406.MEL","21406.SAN",-6
"254",5,"2019-05-03 20:00:00",98,1867,"Bendigo Stadium","MALE","b","Bendigo","Hobart",89,73,"BEN","HOB","bendigo-braves","hobart-huskies",22,23,20,17,23,16,24,17,"1867.BEN","1867.HOB",16
"255",5,"2019-05-03 18:00:00",97,1867,"Bendigo Stadium","FEMALE","b","Bendigo","Hobart",79,72,"BEN","SOU","bendigo-braves","hobart-huskies",20,16,12,24,22,18,25,14,"1867.BEN","1867.SOU",7
"256",6,"2019-05-12 15:00:00",138,21406,"MSAC","MALE","a","Melbourne","Ringwood",97,82,"MEL","RIN","melbourne-tigers","ringwood-hawks",26,18,24,26,27,20,20,18,"21406.MEL","21406.RIN",15
"257",6,"2019-05-12 14:30:00",144,21413,"Eltham High School","MALE","b","Eltham","Ballarat",80,104,"ELT","BLM","eltham-wildcats","ballarat-rush-miners",20,27,20,21,19,29,21,27,"21413.ELT","21413.BLM",-24
"258",6,"2019-05-12 14:30:00",146,21407,"Waverley Basketball Centre","MALE","b","Waverley","BA COE",96,69,"WAV","COE","waverley-falcons","basketball-australia-centre-of-excellence",31,17,25,19,26,12,14,21,"21407.WAV","21407.COE",27
"259",6,"2019-05-12 14:00:00",140,1867,"Bendigo Stadium","MALE","a","Bendigo","Geelong",96,80,"BEN","GEE","bendigo-braves","geelong-supercats",31,22,19,22,29,17,17,19,"1867.BEN","1867.GEE",16
"260",6,"2019-05-12 14:00:00",142,21410,"DV Sports &amp; Fitness Centre","MALE","b","Diamond Valley","Albury Wodonga",89,95,"DIV","ALB","diamond-valley-eagles","albury-wodonga-bandits",28,19,14,23,22,22,25,31,"21410.DIV","21410.ALB",-6
"261",6,"2019-05-12 13:00:00",137,21406,"MSAC","FEMALE","a","Melbourne","Ringwood",90,72,"MEL","RIN","melbourne-tigers","ringwood-hawks",20,26,32,11,14,22,24,13,"21406.MEL","21406.RIN",18
"262",6,"2019-05-12 12:30:00",143,21413,"Eltham High School","FEMALE","b","Eltham","Ballarat",72,80,"ELT","BLR","eltham-wildcats","ballarat-rush-miners",20,20,18,33,18,11,16,16,"21413.ELT","21413.BLR",-8
"263",6,"2019-05-12 12:30:00",145,21407,"Waverley Basketball Centre","FEMALE","b","Waverley","BA COE",75,71,"WAV","COE","waverley-falcons","basketball-australia-centre-of-excellence",18,18,25,17,14,19,18,17,"21407.WAV","21407.COE",4
"264",6,"2019-05-12 12:00:00",139,1867,"Bendigo Stadium","FEMALE","a","Bendigo","Geelong",95,111,"BEN","GEE","bendigo-braves","geelong-supercats",18,29,32,25,16,36,29,21,"1867.BEN","1867.GEE",-16
"265",6,"2019-05-12 12:00:00",141,21410,"DV Sports &amp; Fitness Centre","FEMALE","b","Diamond Valley","Albury Wodonga",75,90,"DIV","ALB","diamond-valley-eagles","albury-wodonga-bandits",19,22,15,17,20,23,21,28,"21410.DIV","21410.ALB",-15
"266",6,"2019-05-11 20:00:00",128,1946,"State Basketball Centre","MALE","b","Knox","BA COE",82,72,"KNX","COE","knox-basketball","basketball-australia-centre-of-excellence",20,28,18,12,18,19,26,13,"1946.KNX","1946.COE",10
"267",6,"2019-05-11 20:00:00",132,21418,"Ulverstone Stadium (double header)","MALE","b","NW Tasmania","Dandenong",76,109,"NWT","DAN","north-west-thunder","dandenong-rangers",31,26,8,24,14,29,23,30,"21418.NWT","21418.DAN",-33
"268",6,"2019-05-11 20:00:00",134,21405,"The Rings","MALE","a","Ringwood","Waverley",86,97,"RIN","WAV","ringwood-hawks","waverley-falcons",24,23,24,23,18,23,20,28,"21405.RIN","21405.WAV",-11
"269",6,"2019-05-11 19:30:00",122,1889,"Frankston Basketball Stadium","MALE","b","Frankston","Eltham",86,75,"FRA","ELT","frankston-blues","eltham-wildcats",17,22,23,25,23,13,23,15,"1889.FRA","1889.ELT",11
"270",6,"2019-05-11 19:30:00",126,1900,"Kilsyth Sports Centre","MALE","b","Kilsyth","Ballarat",71,87,"KIL","BLM","kilsyth-cobras","ballarat-rush-miners",23,26,16,18,15,12,17,31,"1900.KIL","1900.BLM",-16
"271",6,"2019-05-11 19:00:00",124,21404,"Geelong Arena","MALE","a","Geelong","Albury Wodonga",104,103,"GEE","ALB","geelong-supercats","albury-wodonga-bandits",24,22,30,24,24,23,26,34,"21404.GEE","21404.ALB",1
"272",6,"2019-05-11 19:00:00",136,21415,"Southern Basketball Stadium","MALE","b","Southern","Nunawading",91,116,"SAN","NUN","southern-sabres","nunawading-spectres",26,31,28,31,24,25,13,29,"21415.SAN","21415.NUN",-25
"273",6,"2019-05-11 18:00:00",127,1946,"State Basketball Centre","FEMALE","b","Knox","BA COE",85,71,"KNX","COE","knox-basketball","basketball-australia-centre-of-excellence",18,20,15,20,29,19,23,12,"1946.KNX","1946.COE",14
"274",6,"2019-05-11 18:00:00",130,21406,"MSAC","MALE","a","Melbourne","Diamond Valley",81,72,"MEL","DIV","melbourne-tigers","diamond-valley-eagles",23,15,16,21,27,21,15,15,"21406.MEL","21406.DIV",9
"275",6,"2019-05-11 18:00:00",131,21418,"Ulverstone Stadium (double header)","FEMALE","b","Launceston","Dandenong",75,114,"LAU","DAN","launceston-tornadoes","dandenong-rangers",15,33,18,35,20,22,22,24,"21418.LAU","21418.DAN",-39
"276",6,"2019-05-11 18:00:00",133,21405,"The Rings","FEMALE","a","Ringwood","Waverley",78,66,"RIN","WAV","ringwood-hawks","waverley-falcons",25,16,24,17,12,24,17,9,"21405.RIN","21405.WAV",12
"277",6,"2019-05-11 17:30:00",125,1900,"Kilsyth Sports Centre","FEMALE","b","Kilsyth","Ballarat",88,66,"KIL","BLR","kilsyth-cobras","ballarat-rush-miners",23,15,19,19,21,17,25,15,"1900.KIL","1900.BLR",22
"278",6,"2019-05-11 17:30:00",121,1889,"Frankston Basketball Stadium","FEMALE","b","Frankston","Eltham",67,76,"FRA","ELT","frankston-blues","eltham-wildcats",24,20,15,22,14,19,14,15,"1889.FRA","1889.ELT",-9
"279",6,"2019-05-11 17:00:00",123,21404,"Geelong Arena","FEMALE","a","Geelong","Albury Wodonga",82,62,"GEE","ALB","geelong-supercats","albury-wodonga-bandits",21,20,28,10,18,17,15,15,"21404.GEE","21404.ALB",20
"280",6,"2019-05-11 17:00:00",135,21415,"Southern Basketball Stadium","FEMALE","b","Southern","Nunawading",53,87,"SAN","NUN","southern-sabres","nunawading-spectres",10,30,12,20,14,19,17,18,"21415.SAN","21415.NUN",-34
"281",6,"2019-05-11 16:00:00",129,21406,"MSAC","FEMALE","a","Melbourne","Diamond Valley",73,51,"MEL","DIV","melbourne-tigers","diamond-valley-eagles",23,9,21,7,12,14,17,21,"21406.MEL","21406.DIV",22
"282",6,"2019-05-10 20:00:00",120,21409,"Kingborough Basketball Stadium","MALE","b","Hobart","Dandenong",96,87,"HOB","DAN","hobart-huskies","dandenong-rangers",24,26,22,20,22,19,28,22,"21409.HOB","21409.DAN",9
"283",6,"2019-05-10 18:00:00",119,21409,"Kingborough Basketball Stadium","FEMALE","b","Hobart","Dandenong",77,82,"SOU","DAN","hobart-huskies","dandenong-rangers",16,22,23,22,20,23,18,15,"21409.SOU","21409.DAN",-5
"284",7,"2019-05-19 14:30:00",168,21412,"Nunawading Basketball Centre","MALE","a","Nunawading","BA COE",88,78,"NUN","COE","nunawading-spectres","basketball-australia-centre-of-excellence",32,21,17,20,19,16,20,21,"21412.NUN","21412.COE",10
"285",7,"2019-05-19 14:00:00",166,21404,"Geelong Arena","MALE","a","Geelong","Diamond Valley",87,81,"GEE","DIV","geelong-supercats","diamond-valley-eagles",16,22,29,17,28,19,14,23,"21404.GEE","21404.DIV",6
"286",7,"2019-05-19 14:00:00",170,21415,"Southern Basketball Stadium","MALE","a","Southern","Eltham",80,97,"SAN","ELT","southern-sabres","eltham-wildcats",26,22,24,20,15,32,15,23,"21415.SAN","21415.ELT",-17
"287",7,"2019-05-19 12:30:00",167,21412,"Nunawading Basketball Centre","FEMALE","a","Nunawading","BA COE",83,57,"NUN","COE","nunawading-spectres","basketball-australia-centre-of-excellence",24,10,23,12,17,20,19,15,"21412.NUN","21412.COE",26
"288",7,"2019-05-19 12:00:00",165,21404,"Geelong Arena","FEMALE","a","Geelong","Diamond Valley",84,50,"GEE","DIV","geelong-supercats","diamond-valley-eagles",25,15,15,11,26,9,18,15,"21404.GEE","21404.DIV",34
"289",7,"2019-05-19 12:00:00",169,21415,"Southern Basketball Stadium","FEMALE","a","Southern","Eltham",64,81,"SAN","ELT","southern-sabres","eltham-wildcats",17,19,21,25,18,17,8,20,"21415.SAN","21415.ELT",-17
"290",7,"2019-05-18 20:00:00",150,21409,"Kingborough Basketball Stadium","MALE","b","Hobart","Albury Wodonga",102,92,"HOB","ALB","hobart-huskies","albury-wodonga-bandits",23,24,25,26,26,21,28,21,"21409.HOB","21409.ALB",10
"291",7,"2019-05-18 20:00:00",152,21408,"Mars® Minerdome","MALE","b","Ballarat","BA COE",77,80,"BLM","COE","ballarat-rush-miners","basketball-australia-centre-of-excellence",27,16,17,16,15,21,14,20,"21408.BLM","21408.COE",-3
"292",7,"2019-05-18 20:00:00",164,21405,"The Rings","MALE","b","Ringwood","Southern",96,73,"RIN","SAN","ringwood-hawks","southern-sabres",24,15,25,20,24,22,23,16,"21405.RIN","21405.SAN",23
"293",7,"2019-05-18 19:30:00",158,1889,"Frankston Basketball Stadium","MALE","a","Frankston","Knox",99,86,"FRA","KNX","frankston-blues","knox-basketball",35,10,22,26,23,22,19,28,"1889.FRA","1889.KNX",13
"294",7,"2019-05-18 19:30:00",160,1900,"Kilsyth Sports Centre","MALE","b","Kilsyth","Diamond Valley",90,98,"KIL","DIV","kilsyth-cobras","diamond-valley-eagles",30,29,22,22,24,21,14,26,"1900.KIL","1900.DIV",-8
"295",7,"2019-05-18 19:30:00",154,1867,"Bendigo Stadium","MALE","a","Bendigo","Waverley",86,89,"BEN","WAV","bendigo-braves","waverley-falcons",27,28,21,24,15,23,23,14,"1867.BEN","1867.WAV",-3
"296",7,"2019-05-18 19:00:00",156,21402,"Dandenong Basketball Stadium","MALE","b","Dandenong","Nunawading",82,99,"DAN","NUN","dandenong-rangers","nunawading-spectres",16,31,23,22,25,17,18,29,"21402.DAN","21402.NUN",-17
"297",7,"2019-05-18 18:00:00",151,21408,"Mars® Minerdome","FEMALE","b","Ballarat","BA COE",68,56,"BLR","COE","ballarat-rush-miners","basketball-australia-centre-of-excellence",16,18,13,21,24,8,15,9,"21408.BLR","21408.COE",12
"298",7,"2019-05-18 18:00:00",162,21406,"MSAC","MALE","b","Melbourne","Geelong",72,66,"MEL","GEE","melbourne-tigers","geelong-supercats",16,22,17,15,16,17,23,12,"21406.MEL","21406.GEE",6
"299",7,"2019-05-18 18:00:00",149,21409,"Kingborough Basketball Stadium","FEMALE","b","Hobart","Albury Wodonga",69,82,"SOU","ALB","hobart-huskies","albury-wodonga-bandits",19,21,17,24,19,21,14,16,"21409.SOU","21409.ALB",-13
"300",7,"2019-05-18 18:00:00",163,21405,"The Rings","FEMALE","b","Ringwood","Southern",63,58,"RIN","SAN","ringwood-hawks","southern-sabres",17,12,14,19,22,9,10,18,"21405.RIN","21405.SAN",5
"301",7,"2019-05-18 17:30:00",157,1889,"Frankston Basketball Stadium","FEMALE","a","Frankston","Knox",95,108,"FRA","KNX","frankston-blues","knox-basketball",29,29,25,26,24,27,17,26,"1889.FRA","1889.KNX",-13
"302",7,"2019-05-18 17:30:00",159,1900,"Kilsyth Sports Centre","FEMALE","b","Kilsyth","Diamond Valley",74,49,"KIL","DIV","kilsyth-cobras","diamond-valley-eagles",14,12,27,18,24,12,9,7,"1900.KIL","1900.DIV",25
"303",7,"2019-05-18 17:30:00",153,1867,"Bendigo Stadium","FEMALE","a","Bendigo","Waverley",84,75,"BEN","WAV","bendigo-braves","waverley-falcons",26,14,22,16,10,15,26,30,"1867.BEN","1867.WAV",9
"304",7,"2019-05-18 17:00:00",155,21402,"Dandenong Basketball Stadium","FEMALE","b","Dandenong","Nunawading",86,67,"DAN","NUN","dandenong-rangers","nunawading-spectres",28,19,17,15,28,14,13,19,"21402.DAN","21402.NUN",19
"305",7,"2019-05-18 16:00:00",161,21406,"MSAC","FEMALE","b","Melbourne","Geelong",74,92,"MEL","GEE","melbourne-tigers","geelong-supercats",20,22,19,27,17,26,18,17,"21406.MEL","21406.GEE",-18
"306",7,"2019-05-17 19:30:00",148,21411,"Ulverstone/Elphin","MALE","b","NW Tasmania","Albury Wodonga",97,75,"NWT","ALB","north-west-thunder","albury-wodonga-bandits",30,13,28,16,21,31,18,15,"21411.NWT","21411.ALB",22
"307",7,"2019-05-17 18:30:00",147,21411,"Ulverstone/Elphin","FEMALE","b","Launceston","Albury Wodonga",100,95,"LAU","ALB","launceston-tornadoes","albury-wodonga-bandits",19,26,24,26,22,18,21,16,"21411.LAU","21411.ALB",5
"308",8,"2019-05-26 14:30:00",190,21413,"Eltham High School","MALE","b","Eltham","Hobart",82,71,"ELT","HOB","eltham-wildcats","hobart-huskies",25,10,22,18,16,22,19,21,"21413.ELT","21413.HOB",11
"309",8,"2019-05-26 14:00:00",194,1899,"Keilor Basketball Stadium","MALE","a","NW Tasmania","BA COE",59,66,"NWT","COE","north-west-thunder","basketball-australia-centre-of-excellence",15,12,9,25,21,16,14,13,"1899.NWT","1899.COE",-7
"310",8,"2019-05-26 14:00:00",198,21415,"Southern Basketball Stadium","MALE","b","Southern","Ballarat",66,100,"SAN","BLM","southern-sabres","ballarat-rush-miners",19,28,15,29,11,22,21,21,"21415.SAN","21415.BLM",-34
"311",8,"2019-05-26 14:00:00",196,21405,"The Rings","MALE","b","Ringwood","Frankston",100,101,"RIN","FRA","ringwood-hawks","frankston-blues",19,32,30,27,26,24,25,18,"21405.RIN","21405.FRA",-1
"312",8,"2019-05-26 14:00:00",188,21402,"Dandenong Basketball Stadium","MALE","b","Dandenong","Bendigo",94,76,"DAN","BEN","dandenong-rangers","bendigo-braves",35,16,21,29,20,17,18,14,"21402.DAN","21402.BEN",18
"313",8,"2019-05-26 14:00:00",192,21406,"MSAC","MALE","b","Melbourne","Knox",98,85,"MEL","KNX","melbourne-tigers","knox-basketball",26,24,27,19,26,25,19,17,"21406.MEL","21406.KNX",13
"314",8,"2019-05-26 12:30:00",189,21413,"Eltham High School","FEMALE","b","Eltham","Hobart",105,103,"ELT","SOU","eltham-wildcats","hobart-huskies",15,30,23,18,32,16,20,26,"21413.ELT","21413.SOU",2
"315",8,"2019-05-26 12:00:00",195,21405,"The Rings","FEMALE","b","Ringwood","Frankston",66,86,"RIN","FRA","ringwood-hawks","frankston-blues",8,22,20,24,19,17,19,23,"21405.RIN","21405.FRA",-20
"316",8,"2019-05-26 12:00:00",187,21402,"Dandenong Basketball Stadium","FEMALE","b","Dandenong","Bendigo",53,60,"DAN","BEN","dandenong-rangers","bendigo-braves",12,16,12,12,14,17,15,15,"21402.DAN","21402.BEN",-7
"317",8,"2019-05-26 12:00:00",191,21406,"MSAC","FEMALE","b","Melbourne","Knox",74,86,"MEL","KNX","melbourne-tigers","knox-basketball",25,20,13,31,18,17,18,18,"21406.MEL","21406.KNX",-12
"318",8,"2019-05-26 12:00:00",193,1899,"Keilor Basketball Stadium","FEMALE","a","Launceston","BA COE",65,102,"LAU","COE","launceston-tornadoes","basketball-australia-centre-of-excellence",11,23,13,29,23,25,18,25,"1899.LAU","1899.COE",-37
"319",8,"2019-05-26 12:00:00",197,21415,"Southern Basketball Stadium","FEMALE","b","Southern","Ballarat",72,90,"SAN","BLR","southern-sabres","ballarat-rush-miners",23,23,18,20,21,30,10,17,"21415.SAN","21415.BLR",-18
"320",8,"2019-05-25 20:30:00",186,21407,"Waverley Basketball Centre","MALE","b","Waverley","BA COE",67,95,"WAV","COE","waverley-falcons","basketball-australia-centre-of-excellence",17,18,25,29,14,26,11,22,"21407.WAV","21407.COE",-28
"321",8,"2019-05-25 20:00:00",182,1946,"State Basketball Centre","MALE","a","Knox","Diamond Valley",80,77,"KNX","DIV","knox-basketball","diamond-valley-eagles",26,17,26,24,15,17,13,19,"1946.KNX","1946.DIV",3
"322",8,"2019-05-25 20:00:00",176,21408,"Mars® Minerdome","MALE","b","Ballarat","NW Tasmania",94,67,"BLM","NWT","ballarat-rush-miners","north-west-thunder",24,15,28,20,22,10,20,22,"21408.BLM","21408.NWT",27
"323",8,"2019-05-25 20:00:00",174,1858,"Lauren Jackson Sports Centre","MALE","a","Albury Wodonga","Kilsyth",89,86,"ALB","KIL","albury-wodonga-bandits","kilsyth-cobras",20,14,32,31,19,20,18,21,"1858.ALB","1858.KIL",3
"324",8,"2019-05-25 19:30:00",178,1889,"Frankston Basketball Stadium","MALE","b","Frankston","Hobart",100,104,"FRA","HOB","frankston-blues","hobart-huskies",22,22,23,22,18,10,17,26,"1889.FRA","1889.HOB",-4
"325",8,"2019-05-25 19:30:00",184,21412,"Nunawading Basketball Centre","MALE","b","Nunawading","Bendigo",89,74,"NUN","BEN","nunawading-spectres","bendigo-braves",16,16,30,19,21,16,22,23,"21412.NUN","21412.BEN",15
"326",8,"2019-05-25 19:00:00",180,21404,"Geelong Arena","MALE","b","Geelong","Dandenong",74,69,"GEE","DAN","geelong-supercats","dandenong-rangers",18,18,17,16,18,12,21,23,"21404.GEE","21404.DAN",5
"327",8,"2019-05-25 18:30:00",185,21407,"Waverley Basketball Centre","FEMALE","b","Waverley","BA COE",67,53,"WAV","COE","waverley-falcons","basketball-australia-centre-of-excellence",11,11,13,23,16,3,27,16,"21407.WAV","21407.COE",14
"328",8,"2019-05-25 18:00:00",175,21408,"Mars® Minerdome","FEMALE","b","Ballarat","Launceston",130,94,"BLR","LAU","ballarat-rush-miners","launceston-tornadoes",26,33,41,20,33,19,30,22,"21408.BLR","21408.LAU",36
"329",8,"2019-05-25 18:00:00",181,1946,"State Basketball Centre","FEMALE","a","Knox","Diamond Valley",72,46,"KNX","DIV","knox-basketball","diamond-valley-eagles",15,14,10,9,21,15,26,8,"1946.KNX","1946.DIV",26
"330",8,"2019-05-25 18:00:00",173,1858,"Lauren Jackson Sports Centre","FEMALE","a","Albury Wodonga","Kilsyth",66,79,"ALB","KIL","albury-wodonga-bandits","kilsyth-cobras",11,27,14,16,25,17,16,19,"1858.ALB","1858.KIL",-13
"331",8,"2019-05-25 17:30:00",183,21412,"Nunawading Basketball Centre","FEMALE","b","Nunawading","Bendigo",74,80,"NUN","BEN","nunawading-spectres","bendigo-braves",25,21,17,23,10,19,22,17,"21412.NUN","21412.BEN",-6
"332",8,"2019-05-25 17:30:00",177,1889,"Frankston Basketball Stadium","FEMALE","b","Frankston","Hobart",94,75,"FRA","SOU","frankston-blues","hobart-huskies",21,20,25,22,30,15,18,18,"1889.FRA","1889.SOU",19
"333",8,"2019-05-25 17:00:00",179,21404,"Geelong Arena","FEMALE","b","Geelong","Dandenong",71,55,"GEE","DAN","geelong-supercats","dandenong-rangers",21,11,18,18,15,16,17,10,"21404.GEE","21404.DAN",16
"334",8,"2019-05-24 20:00:00",172,21410,"DV Sports &amp; Fitness Centre","MALE","b","Diamond Valley","BA COE",83,82,"DIV","COE","diamond-valley-eagles","basketball-australia-centre-of-excellence",14,14,21,19,19,14,29,35,"21410.DIV","21410.COE",1
"335",8,"2019-05-24 18:00:00",171,21410,"DV Sports &amp; Fitness Centre","FEMALE","b","Diamond Valley","BA COE",75,83,"DIV","COE","diamond-valley-eagles","basketball-australia-centre-of-excellence",14,25,18,19,24,25,19,14,"21410.DIV","21410.COE",-8
"336",9,"2019-06-02 15:00:00",218,21406,"MSAC","MALE","b","Melbourne","Albury Wodonga",104,91,"MEL","ALB","melbourne-tigers","albury-wodonga-bandits",28,30,23,19,27,20,26,22,"21406.MEL","21406.ALB",13
"337",9,"2019-06-02 14:30:00",216,1889,"Frankston Basketball Stadium","MALE","b","Frankston","Ballarat",87,80,"FRA","BLM","frankston-blues","ballarat-rush-miners",25,21,27,20,18,21,17,18,"1889.FRA","1889.BLM",7
"338",9,"2019-06-02 14:30:00",222,21407,"Waverley Basketball Centre","MALE","b","Waverley","Kilsyth",68,101,"WAV","KIL","waverley-falcons","kilsyth-cobras",15,18,11,32,17,30,25,21,"21407.WAV","21407.KIL",-33
"339",9,"2019-06-02 14:00:00",220,21405,"The Rings","MALE","b","Ringwood","Bendigo",74,68,"RIN","BEN","ringwood-hawks","bendigo-braves",19,21,16,17,17,17,22,13,"21405.RIN","21405.BEN",6
"340",9,"2019-06-02 13:00:00",217,21406,"MSAC","FEMALE","b","Melbourne","Albury Wodonga",78,59,"MEL","ALB","melbourne-tigers","albury-wodonga-bandits",18,19,20,17,23,14,17,9,"21406.MEL","21406.ALB",19
"341",9,"2019-06-02 12:30:00",215,1889,"Frankston Basketball Stadium","FEMALE","b","Frankston","Ballarat",87,89,"FRA","BLR","frankston-blues","ballarat-rush-miners",19,19,18,21,21,23,24,19,"1889.FRA","1889.BLR",-2
"342",9,"2019-06-02 12:30:00",221,21407,"Waverley Basketball Centre","FEMALE","b","Waverley","Kilsyth",49,69,"WAV","KIL","waverley-falcons","kilsyth-cobras",12,20,16,11,10,23,11,15,"21407.WAV","21407.KIL",-20
"343",9,"2019-06-02 12:00:00",219,21405,"The Rings","FEMALE","b","Ringwood","Bendigo",60,72,"RIN","BEN","ringwood-hawks","bendigo-braves",18,19,20,22,4,14,18,17,"21405.RIN","21405.BEN",-12
"344",9,"2019-06-01 20:00:00",212,1946,"State Basketball Centre","MALE","b","Knox","Dandenong",76,81,"KNX","DAN","knox-basketball","dandenong-rangers",13,30,19,14,34,15,10,22,"1946.KNX","1946.DAN",-5
"345",9,"2019-06-01 20:00:00",202,1858,"Lauren Jackson Sports Centre","MALE","a","Albury Wodonga","Nunawading",79,97,"ALB","NUN","albury-wodonga-bandits","nunawading-spectres",22,29,15,27,24,18,18,23,"1858.ALB","1858.NUN",-18
"346",9,"2019-06-01 20:00:00",210,21413,"Eltham High School","MALE","b","Eltham","Kilsyth",79,74,"ELT","KIL","eltham-wildcats","kilsyth-cobras",26,15,24,26,20,20,9,13,"21413.ELT","21413.KIL",5
"347",9,"2019-06-01 20:00:00",204,21408,"Mars® Minerdome","MALE","a","Ballarat","Ringwood",101,79,"BLM","RIN","ballarat-rush-miners","ringwood-hawks",22,17,23,18,25,20,31,24,"21408.BLM","21408.RIN",22
"348",9,"2019-06-01 19:30:00",214,21411,"Ulverstone/Elphin","MALE","b","NW Tasmania","Geelong",85,94,"NWT","GEE","north-west-thunder","geelong-supercats",21,29,18,17,16,24,30,24,"21411.NWT","21411.GEE",-9
"349",9,"2019-06-01 19:30:00",206,1867,"Bendigo Stadium","MALE","a","Bendigo","Southern",100,73,"BEN","SAN","bendigo-braves","southern-sabres",34,17,20,21,21,16,25,19,"1867.BEN","1867.SAN",27
"350",9,"2019-06-01 19:30:00",208,21410,"DV Sports &amp; Fitness Centre","MALE","b","Diamond Valley","Frankston",99,86,"DIV","FRA","diamond-valley-eagles","frankston-blues",30,26,21,24,25,19,23,17,"21410.DIV","21410.FRA",13
"351",9,"2019-06-01 18:30:00",213,21411,"Ulverstone/Elphin","FEMALE","b","Launceston","Geelong",71,85,"LAU","GEE","launceston-tornadoes","geelong-supercats",21,28,20,23,13,21,17,13,"21411.LAU","21411.GEE",-14
"352",9,"2019-06-01 18:00:00",201,1858,"Lauren Jackson Sports Centre","FEMALE","a","Albury Wodonga","Nunawading",73,83,"ALB","NUN","albury-wodonga-bandits","nunawading-spectres",22,17,10,26,23,25,18,15,"1858.ALB","1858.NUN",-10
"353",9,"2019-06-01 18:00:00",203,21408,"Mars® Minerdome","FEMALE","a","Ballarat","Ringwood",75,76,"BLR","RIN","ballarat-rush-miners","ringwood-hawks",28,16,12,21,20,26,15,13,"21408.BLR","21408.RIN",-1
"354",9,"2019-06-01 18:00:00",209,21413,"Eltham High School","FEMALE","b","Eltham","Kilsyth",67,69,"ELT","KIL","eltham-wildcats","kilsyth-cobras",11,21,15,11,19,17,22,20,"21413.ELT","21413.KIL",-2
"355",9,"2019-06-01 18:00:00",211,1946,"State Basketball Centre","FEMALE","b","Knox","Dandenong",76,65,"KNX","DAN","knox-basketball","dandenong-rangers",17,12,20,16,18,24,21,13,"1946.KNX","1946.DAN",11
"356",9,"2019-06-01 17:30:00",205,1867,"Bendigo Stadium","FEMALE","a","Bendigo","Southern",95,70,"BEN","SAN","bendigo-braves","southern-sabres",26,16,22,29,29,11,18,14,"1867.BEN","1867.SAN",25
"357",9,"2019-06-01 17:30:00",207,21410,"DV Sports &amp; Fitness Centre","FEMALE","b","Diamond Valley","Frankston",81,99,"DIV","FRA","diamond-valley-eagles","frankston-blues",18,24,21,24,22,33,20,18,"21410.DIV","21410.FRA",-18
"358",9,"2019-05-31 20:00:00",200,21409,"Kingborough Basketball Stadium","MALE","b","Hobart","Geelong",70,81,"HOB","GEE","hobart-huskies","geelong-supercats",23,20,19,30,18,17,10,14,"21409.HOB","21409.GEE",-11
"359",9,"2019-05-31 18:00:00",199,21409,"Kingborough Basketball Stadium","FEMALE","b","Hobart","Geelong",62,90,"SOU","GEE","hobart-huskies","geelong-supercats",14,19,19,26,15,24,14,21,"21409.SOU","21409.GEE",-28
